Term,TF_IDF_Score
cell,0.10982684759361973
cancer,0.09937468935670248
expression,0.09930970454457803
cells,0.08963379284195383
associated,0.08938025527955064
tumor,0.081201963432124
patients,0.08011083701278424
gene,0.06541905063366187
immune,0.06106679064536694
genes,0.059486495283500584
analysis,0.05603476198295944
clinical,0.05561410034603253
protein,0.05550750867568161
signaling,0.05359703316054723
molecular,0.05169024471318934
therapeutic,0.051671693626922484
genetic,0.05131195985987973
prognostic,0.05117853423895666
potential,0.04785550713216017
disease,0.04766809065323932
using,0.047088875567988075
survival,0.0466150428684424
ci,0.04653509171794745
study,0.04557022939002241
analyses,0.044527505014635566
high,0.044096514163711624
including,0.04136848971472617
related,0.04099671447140494
results,0.04075626321540658
methods,0.04056631215657915
pathway,0.03979406768670295
based,0.039561078561076136
rna,0.03953240452047224
tumors,0.039146741652101025
model,0.03892401168006551
specific,0.038908161224426904
however,0.038863710855797276
role,0.03878818415367115
proliferation,0.038380303807088005
cd,0.038141699954665695
findings,0.03805692192595216
identified,0.037794334738552794
breast,0.03768100256154159
resistance,0.03762237257160677
increased,0.03758997847495356
effects,0.03755483091881139
tissue,0.0371368836219996
treatment,0.03704842528146064
non,0.036639361791489834
significant,0.036535234243028
response,0.03623599129671523
biological,0.036158034688842315
across,0.036141769053530434
target,0.0360704187775374
regulatory,0.03543836537581552
reduced,0.035263377846495296
risk,0.035204941935973955
data,0.03515058015400607
functional,0.035150070828929326
significantly,0.03513691247626598
transcriptional,0.03501771363436481
key,0.03478170622497274
therapy,0.03424861734948577
lung,0.03415173041067579
development,0.033550716875266264
crc,0.03349252411744562
single,0.03346378522365951
mitochondrial,0.03318336326909697
remains,0.03308116964297137
patient,0.032739122475947104
hcc,0.032680224390559176
alterations,0.03215286110490721
microenvironment,0.03209349024028843
revealed,0.03209203100579038
association,0.03203762001724132
models,0.03187883283708901
may,0.03156331185426594
validation,0.031540939907088554
mediated,0.03131800004182384
metabolic,0.031188053115033768
showed,0.031047044233443545
growth,0.030488644247228504
dependent,0.03034620684184833
associations,0.030191933027805592
dna,0.03017589448750616
activation,0.029998364544704316
enrichment,0.029977837695596563
pathways,0.02953257342102409
transcriptomic,0.029502916372631093
distinct,0.02941704408792529
also,0.0292575142109301
performed,0.02916901108899581
background,0.028430201632182996
progression,0.028091741297537
positive,0.026845366116704118
outcomes,0.02641351285538323
identify,0.02634638124346214
regulation,0.026164636511166947
conclusion,0.025332491974116748
independent,0.024631551680777998
