position,importance
1,0.00016642138
2,0.00028022265
3,0.0005352616
4,0.0008217526
5,0.0010371235
6,0.0014782177
7,0.001455945
8,0.0016790958
9,0.0015885028
10,0.0025368547
11,0.0021794033
12,0.0023815173
13,0.0023036206
14,0.002078835
15,0.0017321914
16,0.00182517
17,0.0018674236
18,0.0012779748
19,0.0016610823
20,0.0015524406
21,0.0017651519
22,0.0015875209
23,0.0019138028
24,0.0023144549
25,0.0019329718
26,0.0021076575
27,0.0022224789
28,0.0015582046
29,0.0014628343
30,0.0019226274
31,0.0020895551
32,0.0020786289
33,0.0015871269
34,0.0016940065
35,0.0017948577
36,0.0016790755
37,0.0014782259
38,0.0014337578
39,0.0011978617
40,0.0014648542
41,0.0015999617
42,0.0015142022
43,0.0014913098
44,0.0013644625
45,0.001752309
46,0.0019135432
47,0.0017574682
48,0.0017640163
49,0.0017513338
50,0.0017938879
51,0.0020196927
52,0.0017997524
53,0.0021268334
54,0.0020145744
55,0.001845583
56,0.0022186143
57,0.002111018
58,0.002202553
59,0.0023610368
60,0.0019258539
61,0.0018855173
62,0.0023934843
63,0.0022471407
64,0.0017168343
65,0.0020237544
66,0.0018723913
67,0.0017289607
68,0.0017771142
69,0.0016953265
70,0.0018764031
71,0.0019894133
72,0.0019648038
73,0.002487628
74,0.0024269281
75,0.0021148287
76,0.0020084465
77,0.0022689877
78,0.0022016354
79,0.0023987347
80,0.0018345433
81,0.0021538606
82,0.0023078797
83,0.0021002688
84,0.0021040766
85,0.0018368299
86,0.002044437
87,0.0020628981
88,0.002547041
89,0.0024337324
90,0.0025652724
91,0.002757906
92,0.0030382448
93,0.0032461542
94,0.003068223
95,0.0032871831
96,0.0034812842
97,0.0037954005
98,0.0034610028
99,0.0034244051
100,0.0032700505
101,0.003224705
102,0.0035003358
103,0.0030010836
104,0.0034778856
105,0.0029586125
106,0.0030294738
107,0.0027444232
108,0.0029322903
109,0.0025795626
110,0.0039035773
111,0.0040966445
112,0.0037518505
113,0.003728715
114,0.003609222
115,0.004249833
116,0.0043800245
117,0.0033597527
118,0.0031261868
119,0.0032297114
120,0.002800461
121,0.0028567424
122,0.0024421762
123,0.0022328815
124,0.0019099576
125,0.0020406777
126,0.0022471894
127,0.002554574
128,0.0019582768
129,0.0020560813
130,0.0019706117
131,0.002235567
132,0.0022812975
133,0.0021984063
134,0.0019760055
135,0.0017473934
136,0.0018925617
137,0.0019458756
138,0.0015927054
139,0.0016656021
140,0.0019923106
141,0.002225909
142,0.0022806376
143,0.0017943402
144,0.0025906211
145,0.00255407
146,0.0021460177
147,0.0022705398
148,0.0023421522
149,0.0022922545
150,0.0024251996
151,0.0024537265
152,0.0016502661
153,0.0017027393
154,0.0018866219
155,0.0018329668
156,0.0016850877
157,0.0016495975
158,0.0015897249
159,0.0015630194
160,0.0015059483
161,0.0018105396
162,0.0015123088
163,0.0015437771
164,0.0017244432
165,0.0019629695
166,0.0019098413
167,0.0017170716
168,0.0016870523
169,0.0019962506
170,0.0019667502
171,0.0017794862
172,0.0016108168
173,0.0017651034
174,0.0016260046
175,0.0015470467
176,0.0016715094
177,0.0018997395
178,0.001739333
179,0.0018824522
180,0.0016365735
181,0.0015905803
182,0.0019123035
183,0.0016623196
184,0.0014711362
185,0.0015685167
186,0.0018697752
187,0.0019456515
188,0.0015491389
189,0.0017166573
190,0.001434724
191,0.0016181312
192,0.0017905455
193,0.0012762283
194,0.0014249089
195,0.0013275977
196,0.0012649251
197,0.0011961705
198,0.0007351033
199,0.000588949
200,0.00030291924
201,0.0002316842
