Antecedent,Consequent,Support,Confidence,Lift
5508,21919,0.5046728971962616,1.0,1.9814814814814818
21919,11134,0.5046728971962616,1.0,1.9814814814814818
21919,5508,0.5046728971962616,1.0,1.9814814814814818
11134,5508,0.5046728971962616,1.0,1.9814814814814818
5508,11134,0.5046728971962616,1.0,1.9814814814814818
11134,21919,0.5046728971962616,1.0,1.9814814814814818
13765,11134,0.4953271028037383,0.9814814814814815,1.9447873799725657
13765,5508,0.4953271028037383,0.9814814814814815,1.9447873799725657
21919,13765,0.4953271028037383,0.9814814814814815,1.9447873799725657
13765,14826,0.4953271028037383,0.9814814814814815,1.9447873799725657
14826,13765,0.4953271028037383,0.9814814814814815,1.9447873799725657
13765,21919,0.4953271028037383,0.9814814814814815,1.9447873799725657
11134,13765,0.4953271028037383,0.9814814814814815,1.9447873799725657
5508,13765,0.4953271028037383,0.9814814814814815,1.9447873799725657
14826,11134,0.48598130841121495,0.9629629629629629,1.9080932784636493
5508,14826,0.48598130841121495,0.9629629629629629,1.9080932784636493
11134,14826,0.48598130841121495,0.9629629629629629,1.9080932784636493
14826,5508,0.48598130841121495,0.9629629629629629,1.9080932784636493
21919,14826,0.48598130841121495,0.9629629629629629,1.9080932784636493
14826,21919,0.48598130841121495,0.9629629629629629,1.9080932784636493
9564,5508,0.4766355140186916,0.9444444444444444,1.871399176954733
21919,9564,0.4766355140186916,0.9444444444444444,1.871399176954733
11134,9564,0.4766355140186916,0.9444444444444444,1.871399176954733
5508,9564,0.4766355140186916,0.9444444444444444,1.871399176954733
14826,9564,0.4766355140186916,0.9444444444444444,1.871399176954733
13765,9564,0.4766355140186916,0.9444444444444444,1.871399176954733
9564,14826,0.4766355140186916,0.9444444444444444,1.871399176954733
9564,21919,0.4766355140186916,0.9444444444444444,1.871399176954733
9564,13765,0.4766355140186916,0.9444444444444444,1.871399176954733
9564,11134,0.4766355140186916,0.9444444444444444,1.871399176954733
9102,9579,0.45794392523364486,0.9074074074074074,1.7980109739369003
3506,21919,0.45794392523364486,0.9074074074074074,1.7980109739369003
9579,9102,0.45794392523364486,0.9074074074074074,1.7980109739369003
3506,9102,0.45794392523364486,0.9074074074074074,1.7980109739369003
3506,9564,0.45794392523364486,0.9074074074074074,1.7980109739369003
3506,5508,0.45794392523364486,0.9074074074074074,1.7980109739369003
3506,11134,0.45794392523364486,0.9074074074074074,1.7980109739369003
9102,9564,0.45794392523364486,0.9074074074074074,1.7980109739369003
9102,13765,0.45794392523364486,0.9074074074074074,1.7980109739369003
9564,3506,0.45794392523364486,0.9074074074074074,1.7980109739369003
9564,9102,0.45794392523364486,0.9074074074074074,1.7980109739369003
11134,3506,0.45794392523364486,0.9074074074074074,1.7980109739369003
21919,3506,0.45794392523364486,0.9074074074074074,1.7980109739369003
5508,3506,0.45794392523364486,0.9074074074074074,1.7980109739369003
13765,9102,0.45794392523364486,0.9074074074074074,1.7980109739369003
9102,3506,0.45794392523364486,0.9074074074074074,1.7980109739369003
9102,5508,0.4485981308411215,0.8888888888888888,1.761316872427984
9102,11134,0.4485981308411215,0.8888888888888888,1.761316872427984
9102,14826,0.4485981308411215,0.8888888888888888,1.761316872427984
14826,18593,0.4485981308411215,0.8888888888888888,1.761316872427984
9102,21919,0.4485981308411215,0.8888888888888888,1.761316872427984
18593,14826,0.4485981308411215,0.8888888888888888,1.761316872427984
3506,13765,0.4485981308411215,0.8888888888888888,1.761316872427984
3506,14826,0.4485981308411215,0.8888888888888888,1.761316872427984
18593,13765,0.4485981308411215,0.8888888888888888,1.761316872427984
14826,3506,0.4485981308411215,0.8888888888888888,1.761316872427984
5508,9102,0.4485981308411215,0.8888888888888888,1.761316872427984
11134,9102,0.4485981308411215,0.8888888888888888,1.761316872427984
13765,18593,0.4485981308411215,0.8888888888888888,1.761316872427984
13765,3506,0.4485981308411215,0.8888888888888888,1.761316872427984
21919,9102,0.4485981308411215,0.8888888888888888,1.761316872427984
14826,9102,0.4485981308411215,0.8888888888888888,1.761316872427984
9102,4238,0.4392523364485981,0.8703703703703703,1.7246227709190676
18593,11134,0.4392523364485981,0.8703703703703703,1.7246227709190676
18593,5508,0.4392523364485981,0.8703703703703703,1.7246227709190676
18593,9564,0.4392523364485981,0.8703703703703703,1.7246227709190676
18593,21919,0.4392523364485981,0.8703703703703703,1.7246227709190676
21919,4238,0.4392523364485981,0.8703703703703703,1.7246227709190676
4238,14826,0.4392523364485981,0.8703703703703703,1.7246227709190676
14826,4238,0.4392523364485981,0.8703703703703703,1.7246227709190676
4238,13765,0.4392523364485981,0.8703703703703703,1.7246227709190676
13765,4238,0.4392523364485981,0.8703703703703703,1.7246227709190676
11134,4238,0.4392523364485981,0.8703703703703703,1.7246227709190676
11134,18593,0.4392523364485981,0.8703703703703703,1.7246227709190676
5508,4238,0.4392523364485981,0.8703703703703703,1.7246227709190676
5508,18593,0.4392523364485981,0.8703703703703703,1.7246227709190676
9564,4238,0.4392523364485981,0.8703703703703703,1.7246227709190676
9564,18593,0.4392523364485981,0.8703703703703703,1.7246227709190676
21919,18593,0.4392523364485981,0.8703703703703703,1.7246227709190676
4238,5508,0.4392523364485981,0.8703703703703703,1.7246227709190676
4238,21919,0.4392523364485981,0.8703703703703703,1.7246227709190676
4238,9102,0.4392523364485981,0.8703703703703703,1.7246227709190676
4238,9564,0.4392523364485981,0.8703703703703703,1.7246227709190676
4238,11134,0.4392523364485981,0.8703703703703703,1.7246227709190676
9102,18593,0.42990654205607476,0.8518518518518519,1.6879286694101514
13765,9579,0.42990654205607476,0.8518518518518519,1.6879286694101514
11134,9579,0.42990654205607476,0.8518518518518519,1.6879286694101514
21919,9579,0.42990654205607476,0.8518518518518519,1.6879286694101514
5508,9579,0.42990654205607476,0.8518518518518519,1.6879286694101514
4238,9579,0.42990654205607476,0.8518518518518519,1.6879286694101514
9564,9579,0.42990654205607476,0.8518518518518519,1.6879286694101514
18593,9102,0.42990654205607476,0.8518518518518519,1.6879286694101514
9579,5508,0.42990654205607476,0.8518518518518519,1.6879286694101514
9579,4238,0.42990654205607476,0.8518518518518519,1.6879286694101514
9579,11134,0.42990654205607476,0.8518518518518519,1.6879286694101514
9579,21919,0.42990654205607476,0.8518518518518519,1.6879286694101514
14826,9579,0.42990654205607476,0.8518518518518519,1.6879286694101514
9579,3506,0.42990654205607476,0.8518518518518519,1.6879286694101514
9579,9564,0.42990654205607476,0.8518518518518519,1.6879286694101514
9579,13765,0.42990654205607476,0.8518518518518519,1.6879286694101514
9579,14826,0.42990654205607476,0.8518518518518519,1.6879286694101514
3506,9579,0.42990654205607476,0.8518518518518519,1.6879286694101514
4238,3506,0.4205607476635514,0.8333333333333334,1.651234567901235
9579,18593,0.4205607476635514,0.8333333333333334,1.651234567901235
4238,18593,0.4205607476635514,0.8333333333333334,1.651234567901235
18593,9579,0.4205607476635514,0.8333333333333334,1.651234567901235
3506,4238,0.4205607476635514,0.8333333333333334,1.651234567901235
18593,3506,0.4205607476635514,0.8333333333333334,1.651234567901235
3506,18593,0.4205607476635514,0.8333333333333334,1.651234567901235
18593,4238,0.4205607476635514,0.8333333333333334,1.651234567901235
4001,9360,0.40186915887850466,0.7962962962962963,1.5778463648834022
9360,4001,0.40186915887850466,0.7962962962962963,1.5778463648834022
