3	19+891	0	169532	1	94330at4751_4950_0:0002e0|TRINITY_DN298_c0_g1_i1|+|542|1.559e-155|1|19|909|19[19]:909[909]:891[891]
6	154+351	0	196306	1	2186098at4751_1485682_0:000076|TRINITY_DN232_c0_g1_i1|+|102|4.425e-23|1|154|504|154[154]:504[504]:351[351]
9	37+495	0	126420	1	3479070at4751_1003335_0:000713|TRINITY_DN295_c0_g1_i1|+|315|3.362e-87|1|37|531|37[37]:531[531]:495[495]
12	12+732	0	176418	1	19843at4751_1064592_0:000c20|TRINITY_DN290_c0_g1_i1|+|427|6.474e-121|1|12|743|12[12]:743[743]:732[732]
14	49+405	0	190036	1	98471at4751_1064592_0:00022c|TRINITY_DN6_c0_g1_i1|+|246|1.984e-66|1|49|453|49[49]:453[453]:405[405]
16	443-342	0	37096	-1	3479777at4751_64574_0:0019cb|TRINITY_DN126_c0_g1_i1|-|40|0.0002041|1|102|443|443[443]:102[102]:342[342]
18	18+468	0	18671	1	115495at4751_226126_0:000196|TRINITY_DN296_c0_g1_i1|+|301|5.508e-83|1|18|485|18[18]:485[485]:468[468]
19	17+570	0	113529	1	98312at4751_4950_0:0008c0|TRINITY_DN155_c0_g1_i1|+|344|6.262e-96|1|17|586|17[17]:586[586]:570[570]
30	564-552	0	157985	-1	93740at4751_226126_0:000c2f|TRINITY_DN421_c0_g1_i1|-|343|1.252e-95|1|13|564|564[564]:13[13]:552[552]
36	486-273	0	177152	-1	93263at4751_1806994_0:0006be|TRINITY_DN426_c0_g1_i1|-|72|4.752e-14|1|214|486|486[486]:214[214]:273[273]
60	397-210	0	190235	-1	442600at4751_984485_0:0006bc|TRINITY_DN3_c0_g1_i1|-|140|1.61e-34|1|188|397|397[397]:188[188]:210[210]
61	783-636	0	22815	-1	62481at4751_64574_0:00104c|TRINITY_DN369_c0_g1_i1|-|94|1.133e-20|1|148|783|783[783]:148[148]:636[636]
62	509-210	0	190235	-1	442600at4751_984485_0:0006bc|TRINITY_DN3_c0_g1_i4|-|140|1.61e-34|1|300|509|509[509]:300[300]:210[210]
64	509-210	0	190235	-1	442600at4751_984485_0:0006bc|TRINITY_DN3_c0_g1_i5|-|139|3.22e-34|1|300|509|509[509]:300[300]:210[210]
66	397-210	0	190235	-1	442600at4751_984485_0:0006bc|TRINITY_DN3_c0_g1_i6|-|141|8.05e-35|1|188|397|397[397]:188[188]:210[210]
68	397-210	0	190235	-1	442600at4751_984485_0:0006bc|TRINITY_DN3_c0_g1_i7|-|141|8.05e-35|1|188|397|397[397]:188[188]:210[210]
69	20+741	0	201792	1	96168at4751_1064592_0:001154|TRINITY_DN368_c0_g1_i1|+|428|3.237e-121|1|20|760|20[20]:760[760]:741[741]
53	29+453	0	101163	1	97160at4751_226126_0:0004ba|TRINITY_DN338_c0_g1_i1|+|291|5.64e-80|1|29|481|29[29]:481[481]:453[453]
55	30+600	0	183197	1	97987at4751_4950_0:000746|TRINITY_DN394_c0_g1_i1|+|355|3.057e-99|1|30|629|30[30]:629[629]:600[600]
56	734-708	0	151145	-1	3475024at4751_4950_0:000195|TRINITY_DN77_c0_g1_i1|-|422|2.072e-119|1|27|734|734[734]:27[27]:708[708]
58	734-708	0	151145	-1	3475024at4751_4950_0:000195|TRINITY_DN77_c0_g1_i2|-|423|1.036e-119|1|27|734|734[734]:27[27]:708[708]
80	802-762	0	150926	-1	322151at4751_1064592_0:00054e|TRINITY_DN63_c0_g1_i1|-|454|4.824e-129|1|41|802|802[802]:41[41]:762[762]
21	480-468	0	69364	-1	101381at4751_4950_0:000609|TRINITY_DN291_c0_g1_i1|-|226|2.081e-60|1|13|480|480[480]:13[13]:468[468]
24	42+1314	0	130122	1	3467582at4751_54092_0:000269|TRINITY_DN229_c0_g1_i1|+|191|7.149e-50|1|42|1355|42[42]:1355[1355]:1314[1314]
27	541-453	0	69471	-1	17285at4751_226126_0:0009e2|TRINITY_DN275_c0_g1_i1|-|225|4.162e-60|1|89|541|541[541]:89[89]:453[453]
29	450-390	0	158361	-1	99468at4751_1064592_0:001475|TRINITY_DN1_c0_g1_i1|-|260|1.211e-70|1|61|450|450[450]:61[61]:390[390]
70	28+651	0	41408	1	1119526at4751_578457_0:0004f9|TRINITY_DN58_c0_g1_i1|+|224|8.323e-60|1|28|678|28[28]:678[678]:651[651]
71	663-651	0	132314	-1	3480760at4751_1064592_0:00031d|TRINITY_DN326_c0_g1_i1|-|413|1.061e-116|1|13|663|663[663]:13[13]:651[651]
72	681-501	0	151768	-1	3451918at4751_4950_0:00037f|TRINITY_DN32_c0_g1_i1|-|315|3.362e-87|1|181|681|681[681]:181[181]:501[501]
73	116+759	0	5054	1	3496401at4751_1064592_0:000bc6|TRINITY_DN301_c0_g1_i1|+|464|4.711e-132|1|116|874|116[116]:874[874]:759[759]
76	374-372	0	107562	-1	913506at4751_1912939_0:0020a2|TRINITY_DN81_c0_g1_i1|-|172|3.748e-44|1|3|374|374[374]:3[3]:372[372]
77	127+462	0	63078	1	405026at4751_226126_0:0008a5|TRINITY_DN344_c0_g1_i1|+|258|4.845e-70|1|127|588|127[127]:588[588]:462[462]
79	25+516	0	107348	1	93350at4751_4950_0:000459|TRINITY_DN325_c0_g1_i1|+|338|4.007e-94|1|25|540|25[25]:540[540]:516[516]
