Sample,Title,Group
GSM254625,Lung Tumor_GT00006,Lung Tumor
GSM254626,Normal Lung_GT00006,Normal Lung
GSM254627,Lung Tumor_GT00007,Lung Tumor
GSM254628,Normal Lung_GT00007,Normal Lung
GSM254629,Lung Tumor_GT00022,Lung Tumor
GSM254630,Lung Tumor_GT00042,Lung Tumor
GSM254631,Lung Tumor_GT00059,Lung Tumor
GSM254632,Normal Lung_GT00059,Normal Lung
GSM254633,Lung Tumor_GT00146,Lung Tumor
GSM254634,Normal Lung_GT00146,Normal Lung
GSM254635,Normal Lung_GT01001,Normal Lung
GSM254636,Lung Tumor_GT01001,Lung Tumor
GSM254637,Lung Tumor_GT01003,Lung Tumor
GSM254638,Normal Lung_GT01003,Normal Lung
GSM254639,Lung Tumor_GT01011,Lung Tumor
GSM254640,Normal Lung_GT01011,Normal Lung
GSM254641,Lung Tumor_GT01017,Lung Tumor
GSM254642,Lung Tumor_GT01019,Lung Tumor
GSM254643,Normal Lung_GT01024,Normal Lung
GSM254644,Normal Lung_GT01025,Normal Lung
GSM254645,Lung Tumor_GT01025,Lung Tumor
GSM254646,Normal Lung_GT01033,Normal Lung
GSM254647,Lung Tumor_GT01034,Lung Tumor
GSM254648,Lung Tumor_GT01036,Lung Tumor
GSM254649,Normal Lung_GT01036,Normal Lung
GSM254650,Lung Tumor_GT01038,Lung Tumor
GSM254651,Normal Lung_GT01038,Normal Lung
GSM254652,Lung Tumor_GT01040,Lung Tumor
GSM254653,Normal Lung_GT01047,Normal Lung
GSM254654,Lung Tumor_GT01049,Lung Tumor
GSM254655,Normal Lung_GT01051,Normal Lung
GSM254656,Lung Tumor_GT01052,Lung Tumor
GSM254657,Lung Tumor_GT01054,Lung Tumor
GSM254658,Normal Lung_GT01061,Normal Lung
GSM254659,Lung Tumor_GT01061,Lung Tumor
GSM254660,Normal Lung_GT01064,Normal Lung
GSM254661,Lung Tumor_GT01077,Lung Tumor
GSM254662,Normal Lung_GT01085,Normal Lung
GSM254663,Lung Tumor_GT01087,Lung Tumor
GSM254664,Lung Tumor_GT01089,Lung Tumor
GSM254665,Normal Lung_GT01095,Normal Lung
GSM254666,Lung Tumor_GT01097,Lung Tumor
GSM254667,Normal Lung_GT01097,Normal Lung
GSM254668,Lung Tumor_GT01099,Lung Tumor
GSM254669,Normal Lung_GT01099,Normal Lung
GSM254670,Lung Tumor_GT01100,Lung Tumor
GSM254671,Normal Lung_GT01100,Normal Lung
GSM254672,Lung Tumor_GT01103,Lung Tumor
GSM254673,Normal Lung_GT01105,Normal Lung
GSM254674,Lung Tumor_GT01105,Lung Tumor
GSM254675,Lung Tumor_GT01107,Lung Tumor
GSM254676,Normal Lung_GT01107,Normal Lung
GSM254677,Normal Lung_GT01113,Normal Lung
GSM254678,Lung Tumor_GT01117,Lung Tumor
GSM254679,Normal Lung_GT01117,Normal Lung
GSM254680,Lung Tumor_GT01119,Lung Tumor
GSM254681,Normal Lung_GT01119,Normal Lung
GSM254682,Lung Tumor_GT01120,Lung Tumor
GSM254683,Normal Lung_GT01120,Normal Lung
GSM254684,Lung Tumor_GT01121,Lung Tumor
GSM254685,Normal Lung_GT01121,Normal Lung
GSM254686,Lung Tumor_GT01124,Lung Tumor
GSM254687,Lung Tumor_GT01126,Lung Tumor
GSM254688,Lung Tumor_GT01127,Lung Tumor
GSM254689,Normal Lung_GT01128,Normal Lung
GSM254690,Lung Tumor_GT01128,Lung Tumor
GSM254691,Normal Lung_GT01129,Normal Lung
GSM254692,Lung Tumor_GT01129,Lung Tumor
GSM254693,Normal Lung_GT01130,Normal Lung
GSM254694,Lung Tumor_GT01130,Lung Tumor
GSM254695,Normal Lung_GT01131,Normal Lung
GSM254696,Lung Tumor_GT01135,Lung Tumor
GSM254697,Lung Tumor_GT01148,Lung Tumor
GSM254698,Lung Tumor_GT01151,Lung Tumor
GSM254699,Normal Lung_GT01156,Normal Lung
GSM254700,Lung Tumor_GT01175,Lung Tumor
GSM254701,Lung Tumor_GT01182,Lung Tumor
GSM254702,Normal Lung_GT01182,Normal Lung
GSM254703,Normal Lung_GT01194,Normal Lung
GSM254704,Lung Tumor_GT01194,Lung Tumor
GSM254705,Lung Tumor_GT01222,Lung Tumor
GSM254706,Normal Lung_GT01222,Normal Lung
GSM254707,Lung Tumor_GT01232,Lung Tumor
GSM254708,Normal Lung_GT01232,Normal Lung
GSM254709,Lung Tumor_GT01233,Lung Tumor
GSM254710,Normal Lung_GT01233,Normal Lung
GSM254711,Normal Lung_GT01237,Normal Lung
GSM254712,Normal Lung_GT01239,Normal Lung
GSM254713,Normal Lung_GT01240,Normal Lung
GSM254714,Lung Tumor_GT01243,Lung Tumor
GSM254715,Normal Lung_GT01243,Normal Lung
GSM254716,Lung Tumor_GT01246,Lung Tumor
GSM254717,Normal Lung_GT01246,Normal Lung
GSM254718,Lung Tumor_GT01247,Lung Tumor
GSM254719,Normal Lung_GT01247,Normal Lung
GSM254720,Lung Tumor_GT01274,Lung Tumor
GSM254721,Lung Tumor_GT01276,Lung Tumor
GSM254722,Lung Tumor_GT01279,Lung Tumor
GSM254723,Normal Lung_GT01283,Normal Lung
GSM254724,Lung Tumor_GT01411,Lung Tumor
GSM254725,Normal Lung_GT01417,Normal Lung
GSM254726,Lung Tumor_GT01421,Lung Tumor
GSM254727,Normal Lung_GT01421,Normal Lung
GSM254728,Lung Tumor_GT01425,Lung Tumor
GSM254729,Lung Tumor_GT01445,Lung Tumor
GSM254730,Normal Lung_GT01445,Normal Lung
GSM254731,Normal Lung_GT01479,Normal Lung
