node_id,Gene
0,TP53
1,ERBB2
2,FGFR2
3,APC
4,PTGS2
5,IL1B
6,MYC
7,KRAS
8,PIK3CA
9,IL6
10,RUNX3
11,GAST
12,STAT3
13,GSTM1
14,CDH1
15,EGFR
16,TNF
17,RNF43
18,BIRC5
19,CDKN2A
20,CD274
21,TLR2
22,SOD2
23,MET
24,XRCC1
25,MDM2
26,CHFR
27,HDAC2
28,KDR
29,TYMS
30,HRAS
31,CDK4
32,CDKN1A
33,CDKN1B
34,AHR
35,ERCC1
36,CD44
37,CCND1
38,CAV1
39,SNAI1
40,IL10
41,PTCH1
42,CXCR4
43,GSTT1
44,FOXA1
45,MUTYH
46,DPYD
47,ARID1A
48,CA1
49,GSTP1
50,PPARG
51,MTHFR
52,CDX2
53,IL6R
54,LGALS3
55,MUC1
56,ALB
57,KRT20
58,MAPK1
59,FHIT
60,MMP7
61,GKN1
62,TWIST1
63,CHEK2
64,TGFA
65,AFP
66,BCL2L1
67,BAP1
68,APOA1
69,ALOX5
70,SMAD4
71,ERCC2
72,JUN
73,ATM
74,IL5
75,CASP3
76,PTPN11
77,TLR4
78,EZH2
79,GPX1
80,GPX3
81,JAK2
82,BRCA1
83,KLF6
84,IL1RN
85,ATP4B
86,AREG
87,UMPS
88,HSPD1
89,DNMT1
90,MSLN
91,NPM1
92,RARB
93,DES
94,HSPB1
95,TNFRSF9
96,NT5E
97,REG4
98,BMP2
99,TIMP3
100,LRRC3B
101,ACE
102,BOP1
103,ZBTB20
104,PYCARD
105,IGFBP3
106,ITGA5
107,MUC6
108,NOS3
109,SERPINE1
110,SERPINA1
111,XAF1
112,PPIA
113,PPP2R1A
114,MAPK8
115,KMT2C
116,BDNF
117,RASAL2
118,CEBPB
119,AURKB
120,CTNNA2
121,REG1A
122,PLIN2
123,DDR2
124,MAP3K8
125,NTRK3
126,FGFR4
127,DLC1
128,TXNIP
129,CASP10
130,DAB2IP
131,EEF2
132,KDM4B
133,IL7R
134,MAP3K1
135,JAK1
136,MIR27B
137,CAPN9
138,FOSL1
139,POFUT4
140,MIR152
141,SULT1A1
142,ACVR1B
143,CHRNA3
144,DNMT3A
145,LRP1B
146,CYP1A1
147,HLA-DQA1
148,IRF1
149,TMEM260
150,TEP1
151,RHOA
152,PHB1
153,PSCA
154,HMOX1
155,SELENBP1
156,RBP1
157,MTSS1
158,NOP56
159,ARL6IP5
160,CKB
161,CLN3
162,FGD5
163,TYMP
164,F2R
165,FAM168A
166,ACAD8
167,PRPF19
168,ABT1
169,ICAM2
170,ARHGAP5
171,MARK1
172,MLF1
173,MMP10
174,NOTCH2
175,UBXN1
176,GATAD2A
177,PRNP
178,EXOSC5
179,RBP4
180,RPS15
181,HNF1B
182,ACTC1
183,XRCC3
184,FSD1
185,MIA
186,IRS2
187,ADRB1
188,ALDOB
189,ATP6V0D2
190,PRDX5
191,HNRNPL
192,HOXA2
193,APEX1
194,ING1
195,KRT8
196,MSX1
197,MT2A
198,NDUFS1
199,ALDH7A1
200,ZNF593
201,PLCE1
202,HIKESHI
203,NBAS
204,PDHA1
205,PGAM1
206,PLAU
207,PREP
208,EBI3
209,CDKN2D
210,CNPY2
211,CCT7
212,WIF1
213,PUS1
214,URM1
215,ARFGAP2
216,KISS1R
217,TNFSF9
218,HDAC3
219,PRKAB1
220,PTPRG
221,RAD23A
222,RARRES1
223,RELA
224,RPS6
225,RPS21
226,RPS26
227,RXRB
228,BID
229,MRPS11
230,TMEM63A
231,CLCN3
232,LOC129994371
233,DCBLD2
234,CLDN3
235,ADRB2
236,GADD45A
237,ECHS1
238,ALDH1A3
239,FBP1
240,FYN
241,SERBP1
242,GREM1
243,GLI3
244,MRPS18B
245,CPSF1
246,ID4
247,KISS1
248,M6PR
249,MX1
250,NDUFA2
251,SERPINB2
252,COPS7A
253,GMPR2
254,PPIC
255,PTPA
256,PRKAA1
257,RPS19
258,SLC1A2
259,TBX3
260,THBD
261,MIR301B
262,CA2
263,TAF15
264,SUCLG1
265,WDR46
266,TRAP1
267,SCRN1
268,ZNF177
269,FAT4
270,EPHX3
271,SYMPK
272,SPZ1
273,TUBA1C
274,ITGA8
275,PLPP1
276,AKR1C3
277,FCGBP
278,SLC16A3
279,RRP9
280,DDB1
281,DNMT3B
282,DPAGT1
283,HBEGF
284,ECM1
285,EEF1A1
286,EEF1A2
287,ENO1
288,FGG
289,MRPL13
290,POLR1H
291,HTR1A
292,IDH3B
293,FADS1
294,KMT2A
295,NDUFV1
296,PA2G4
297,PAX6
298,PLAGL1
299,PTOV1
300,RANBP10
301,PTPRF
302,RPL15
303,RPL18
304,SOX9
305,SPRR2A
306,SREBF2
307,TFAP2C
308,TPM3
309,CDH2
310,FST
311,CTSC
312,CHD4
313,CASP8
314,CST7
315,MBD3L2
316,CST1
317,CTSL
318,AGTR2
319,SNX5
320,FILIP1
321,ANXA5
322,BIRC2
323,HSPA8
324,IGFBP7
325,POLR3K
326,WWOX
327,PIGR
328,NAXD
329,PRKCB
330,MAPK3
331,KLK10
332,HRH4
333,RGS2
334,RORA
335,RPL13
336,BLVRB
337,BMP7
338,SNRPB
339,BNIP3
340,CYP2E1
341,BCOR
342,IL32
343,ERCC5
344,KDM6A
345,ZFP91
346,ERCC6
347,TES
348,MIR206
349,TET2
350,ENAH
351,EMX2
352,GSE1
