preferredName_A,preferredName_B,score
ERCC1,TYMS,0.72
ERCC1,CHEK2,0.739
ERCC1,RAD23A,0.774
ERCC1,APEX1,0.774
ERCC1,XRCC3,0.86
ERCC1,DDB1,0.893
ERCC1,ERCC6,0.926
ERCC1,BRCA1,0.93
ERCC1,XRCC1,0.967
ERCC1,ATM,0.975
ERCC1,ERCC2,0.996
ERCC1,ERCC5,0.997
KRT20,MUC1,0.721
KRT20,MUC6,0.738
KRT20,CDX2,0.924
TFAP2C,FOXA1,0.798
TFAP2C,EGFR,0.82
TFAP2C,MYC,0.96
TFAP2C,WWOX,0.989
MAPK1,RELA,0.717
MAPK1,CDKN1A,0.732
MAPK1,PPARG,0.736
MAPK1,JAK1,0.745
MAPK1,MAPK8,0.747
MAPK1,TNF,0.757
MAPK1,PTGS2,0.78
MAPK1,JAK2,0.794
MAPK1,SMAD4,0.816
MAPK1,PIK3CA,0.822
MAPK1,CASP8,0.839
MAPK1,BDNF,0.845
MAPK1,CDKN2A,0.846
MAPK1,CDKN1B,0.858
MAPK1,MAP3K1,0.858
MAPK1,CEBPB,0.877
MAPK1,TBX3,0.911
MAPK1,PRKCB,0.928
MAPK1,PPP2R1A,0.929
MAPK1,IL6,0.936
MAPK1,PTPN11,0.955
MAPK1,CASP3,0.961
MAPK1,HRAS,0.979
MAPK1,MYC,0.983
MAPK1,KRAS,0.988
MAPK1,MAPK3,0.994
MAPK1,STAT3,0.996
MAPK1,TP53,0.998
MAPK1,JUN,0.998
HMOX1,TLR4,0.719
HMOX1,IL10,0.726
HMOX1,SOD2,0.743
HMOX1,NOS3,0.77
HMOX1,PPARG,0.784
HMOX1,PTGS2,0.789
HMOX1,TNF,0.792
HMOX1,JUN,0.798
HMOX1,CASP3,0.806
HMOX1,IL6,0.81
HMOX1,IL1B,0.817
HMOX1,GPX3,0.844
HMOX1,STAT3,0.849
HMOX1,TXNIP,0.859
HMOX1,BLVRB,0.952
APEX1,STAT3,0.709
APEX1,XRCC3,0.734
APEX1,ERCC2,0.743
APEX1,NPM1,0.871
APEX1,GADD45A,0.935
APEX1,TP53,0.944
APEX1,MUTYH,0.975
APEX1,XRCC1,0.999
EEF1A2,RPS6,0.722
EEF1A2,RPS15,0.736
EEF1A2,MUC1,0.775
EEF1A2,EEF2,0.854
EEF1A2,EEF1A1,0.994
EXOSC5,WDR46,0.777
EXOSC5,NOP56,0.809
EXOSC5,RRP9,0.848
HNRNPL,PRPF19,0.764
HNRNPL,TAF15,0.816
SERPINE1,CDKN1A,0.701
SERPINE1,ACE,0.71
SERPINE1,TLR4,0.721
SERPINE1,PPARG,0.732
SERPINE1,IL1B,0.746
SERPINE1,TNF,0.764
SERPINE1,MMP7,0.787
SERPINE1,SERBP1,0.798
SERPINE1,PTGS2,0.815
SERPINE1,THBD,0.846
SERPINE1,IL6,0.849
SERPINE1,SMAD4,0.873
SERPINE1,SERPINB2,0.958
SERPINE1,PLAU,0.999
CTSC,CST7,0.725
CTSC,BID,0.908
CTSC,BCL2L1,0.91
CCND1,BNIP3,0.702
CCND1,PIK3CA,0.704
CCND1,SNAI1,0.705
CCND1,CXCR4,0.706
CCND1,DNMT3A,0.708
CCND1,TWIST1,0.711
CCND1,MAPK8,0.724
CCND1,CDH2,0.726
CCND1,KLF6,0.728
CCND1,MAPK3,0.744
CCND1,HRAS,0.747
CCND1,BIRC5,0.751
CCND1,ARID1A,0.752
CCND1,IL6,0.763
CCND1,RELA,0.791
CCND1,ANXA5,0.808
CCND1,BCL2L1,0.808
CCND1,FOXA1,0.832
CCND1,KRAS,0.835
CCND1,EGFR,0.841
CCND1,CASP3,0.847
CCND1,CDH1,0.851
CCND1,JAK2,0.852
CCND1,RUNX3,0.855
CCND1,HDAC3,0.9
CCND1,ERBB2,0.904
CCND1,JUN,0.919
CCND1,SYMPK,0.921
CCND1,BRCA1,0.922
CCND1,MDM2,0.926
CCND1,HSPA8,0.945
CCND1,TP53,0.946
CCND1,CDKN2D,0.952
CCND1,MYC,0.969
CCND1,STAT3,0.98
CCND1,CDKN2A,0.998
CCND1,CDKN1B,0.999
CCND1,CDK4,0.999
CCND1,CDKN1A,0.999
PRPF19,EEF2,0.751
PRPF19,HSPA8,0.968
PRPF19,PTPN11,0.987
PRPF19,SNRPB,0.995
CDKN1B,ATM,0.713
CDKN1B,CASP3,0.721
CDKN1B,JAK2,0.725
CDKN1B,EGFR,0.736
CDKN1B,ERBB2,0.739
CDKN1B,BCL2L1,0.836
CDKN1B,MYC,0.855
CDKN1B,CDKN2D,0.925
CDKN1B,CDKN2A,0.93
CDKN1B,DDB1,0.952
CDKN1B,RHOA,0.977
CDKN1B,CDKN1A,0.982
CDKN1B,TP53,0.991
CDKN1B,CDK4,0.999
HBEGF,MMP7,0.768
HBEGF,AREG,0.785
HBEGF,PTGS2,0.83
HBEGF,TGFA,0.917
HBEGF,ERBB2,0.944
HBEGF,CD44,0.99
HBEGF,EGFR,0.999
IL5,EGFR,0.762
IL5,IL6R,0.793
IL5,IL7R,0.87
IL5,JAK2,0.889
IL5,TNF,0.93
IL5,IL6,0.977
IL5,IL10,0.982
IL5,IL1B,0.998
RBP1,RARB,0.71
RBP1,RBP4,0.91
UMPS,TYMS,0.856
UMPS,NT5E,0.926
UMPS,KISS1,0.957
UMPS,TYMP,0.981
UMPS,DPYD,0.999
RRP9,MRPS11,0.715
RRP9,ZNF593,0.763
RRP9,BOP1,0.928
RRP9,RPS19,0.97
RRP9,RPS6,0.988
RRP9,NOP56,0.999
RRP9,WDR46,0.999
KISS1R,PIK3CA,0.9
KISS1R,KISS1,0.999
APOA1,AFP,0.721
APOA1,SREBF2,0.73
APOA1,FGG,0.732
APOA1,RBP4,0.814
APOA1,SERPINA1,0.927
APOA1,ALB,0.998
AHR,CYP1A1,0.973
TWIST1,SOX9,0.732
TWIST1,EZH2,0.773
TWIST1,RELA,0.79
TWIST1,CDH2,0.823
TWIST1,SMAD4,0.847
TWIST1,CDH1,0.849
TWIST1,MYC,0.852
TWIST1,FGFR2,0.88
TWIST1,STAT3,0.88
TWIST1,SNAI1,0.901
TWIST1,CD44,0.959
TWIST1,TP53,0.967
SNAI1,EGFR,0.711
SNAI1,IL6,0.718
SNAI1,CD44,0.721
SNAI1,MYC,0.727
SNAI1,MET,0.731
SNAI1,SOX9,0.731
SNAI1,CASP3,0.734
SNAI1,MSX1,0.746
SNAI1,CHD4,0.769
SNAI1,DNMT3A,0.805
SNAI1,STAT3,0.806
SNAI1,HDAC3,0.815
SNAI1,JUN,0.823
SNAI1,GSE1,0.841
SNAI1,MDM2,0.851
SNAI1,CDH2,0.932
SNAI1,SMAD4,0.96
SNAI1,CDH1,0.965
SNAI1,TP53,0.992
SNAI1,DNMT1,0.995
SNAI1,HDAC2,0.998
SNAI1,EZH2,0.998
IRF1,IL1B,0.711
IRF1,CEBPB,0.721
IRF1,TNF,0.751
IRF1,MX1,0.766
IRF1,XAF1,0.787
IRF1,JAK1,0.789
IRF1,TLR4,0.818
IRF1,STAT3,0.9
IRF1,CHD4,0.91
IRF1,JUN,0.919
IRF1,HDAC2,0.927
IRF1,MDM2,0.97
SOX9,JUN,0.701
SOX9,HNF1B,0.705
SOX9,CDH1,0.738
SOX9,PAX6,0.773
SOX9,BMP2,0.816
TNFSF9,TLR4,0.792
TNFSF9,TNF,0.839
TNFSF9,TNFRSF9,0.999
SYMPK,SNRPB,0.87
SYMPK,CDK4,0.908
SYMPK,CPSF1,0.999
TRAP1,HSPD1,0.754
PYCARD,TNF,0.705
PYCARD,TLR4,0.76
PYCARD,IL1B,0.989
PYCARD,CASP8,0.992
HSPB1,EGFR,0.794
HSPB1,STAT3,0.797
HSPB1,CASP3,0.867
HSPB1,TP53,0.955
HSPB1,HSPA8,0.988
FOXA1,PIK3CA,0.706
FOXA1,TP53,0.735
FOXA1,CDX2,0.763
FOXA1,MYC,0.764
FOXA1,JUN,0.817
FOXA1,KMT2C,0.825
NDUFA2,BLVRB,0.782
NDUFA2,NDUFV1,0.999
NDUFA2,NDUFS1,0.999
GSE1,HDAC2,0.868
LGALS3,IL6,0.768
LGALS3,ALB,0.77
LGALS3,CD44,0.904
LGALS3,KDR,0.911
LGALS3,TLR4,0.938
LGALS3,TLR2,0.948
LGALS3,KRAS,0.959
LGALS3,EGFR,0.964
LGALS3,MUC1,0.995
KRAS,RUNX3,0.71
KRAS,TNF,0.717
KRAS,PTGS2,0.718
KRAS,ATM,0.718
KRAS,BRCA1,0.721
KRAS,CDH1,0.723
KRAS,CDK4,0.743
KRAS,KMT2C,0.756
KRAS,NTRK3,0.757
KRAS,PPARG,0.757
KRAS,TGFA,0.762
KRAS,AREG,0.766
KRAS,RASAL2,0.773
KRAS,CD274,0.774
KRAS,KDR,0.78
KRAS,JAK1,0.796
KRAS,NPM1,0.803
KRAS,STAT3,0.817
KRAS,IL6,0.823
KRAS,PPP2R1A,0.832
KRAS,JAK2,0.85
KRAS,MYC,0.872
KRAS,ARID1A,0.873
KRAS,SMAD4,0.917
KRAS,PRKCB,0.923
KRAS,FGFR4,0.948
KRAS,MAPK8,0.948
KRAS,TP53,0.949
KRAS,PTPN11,0.953
KRAS,MAP3K1,0.953
KRAS,ERBB2,0.966
KRAS,PLCE1,0.971
KRAS,FGFR2,0.973
KRAS,MET,0.979
KRAS,MAPK3,0.982
KRAS,BCL2L1,0.982
KRAS,HRAS,0.992
KRAS,CDKN2A,0.992
KRAS,EGFR,0.997
KRAS,PIK3CA,0.998
NOTCH2,EGFR,0.744
FST,ACVR1B,0.746
FST,BMP2,0.823
FST,BMP7,0.989
HRH4,TPM3,0.702
APC,CDH2,0.787
APC,CASP3,0.823
APC,CDH1,0.92
TBX3,MAPK3,0.933
NT5E,DPYD,0.826
NT5E,CD44,0.901
NT5E,TYMS,0.927
NT5E,TYMP,0.931
CDK4,PIK3CA,0.709
CDK4,CDH1,0.712
CDK4,ARID1A,0.713
CDK4,DNMT1,0.738
CDK4,CASP3,0.75
CDK4,JUN,0.759
CDK4,BIRC5,0.857
CDK4,MDM2,0.884
CDK4,ATM,0.937
CDK4,MYC,0.966
CDK4,TP53,0.966
CDK4,BRCA1,0.972
CDK4,CDKN2D,0.999
CDK4,CDKN2A,0.999
CDK4,CDKN1A,0.999
CCT7,RPS26,0.7
CCT7,RPS19,0.711
CCT7,TUBA1C,0.722
CCT7,NOP56,0.728
CCT7,RPL13,0.774
CCT7,TP53,0.823
CCT7,HSPA8,0.922
MDM2,FHIT,0.703
MDM2,STAT3,0.715
MDM2,RELA,0.746
MDM2,FGFR4,0.747
MDM2,CASP8,0.75
MDM2,RPS6,0.791
MDM2,BRCA1,0.794
MDM2,BCL2L1,0.794
MDM2,EEF1A1,0.795
MDM2,WWOX,0.803
MDM2,JUN,0.803
MDM2,MYC,0.813
MDM2,DDB1,0.831
MDM2,RUNX3,0.836
MDM2,GADD45A,0.85
MDM2,FGFR2,0.867
MDM2,EGFR,0.897
MDM2,RPS15,0.925
MDM2,CDH1,0.925
MDM2,EZH2,0.945
MDM2,CASP3,0.966
MDM2,NPM1,0.974
MDM2,CDKN1A,0.98
MDM2,CHEK2,0.983
MDM2,ATM,0.995
MDM2,CDKN2A,0.999
MDM2,TP53,0.999
IL1RN,STAT3,0.701
IL1RN,TLR4,0.752
IL1RN,TNF,0.844
IL1RN,IL10,0.923
IL1RN,IL6,0.925
IL1RN,IL1B,0.968
DAB2IP,HRAS,0.728
DAB2IP,EZH2,0.749
DAB2IP,RASAL2,0.829
MRPS18B,MRPL13,0.915
MRPS18B,MRPS11,0.997
TLR2,ENO1,0.709
TLR2,ALB,0.733
TLR2,PTGS2,0.756
TLR2,CD44,0.874
TLR2,CXCR4,0.894
TLR2,EGFR,0.933
TLR2,IL6,0.942
TLR2,TNF,0.951
TLR2,HSPA8,0.953
TLR2,RELA,0.956
TLR2,IL10,0.956
TLR2,IL1B,0.969
TLR2,HSPD1,0.976
TLR2,TLR4,0.999
MMP7,CDH2,0.72
MMP7,IL1B,0.742
MMP7,PLAU,0.746
MMP7,TP53,0.774
MMP7,CDH1,0.819
MMP7,MMP10,0.85
MMP7,TIMP3,0.922
MMP7,CD44,0.973
RORA,HDAC3,0.713
CDH1,CLDN3,0.706
CDH1,CDKN2A,0.713
CDH1,CD274,0.718
CDH1,FYN,0.719
CDH1,STAT3,0.732
CDH1,ALB,0.735
CDH1,CXCR4,0.747
CDH1,RHOA,0.751
CDH1,JUN,0.755
CDH1,DNMT1,0.768
CDH1,CAV1,0.768
CDH1,MAPK3,0.77
CDH1,KDR,0.78
CDH1,RPS21,0.801
CDH1,RPL13,0.801
CDH1,RPL18,0.802
CDH1,SMAD4,0.804
CDH1,MYC,0.804
CDH1,RPS15,0.805
CDH1,RPS26,0.808
CDH1,RPS19,0.808
CDH1,RPL15,0.816
CDH1,KRT8,0.826
CDH1,RPS6,0.839
CDH1,HDAC2,0.842
CDH1,TP53,0.853
CDH1,CD44,0.927
CDH1,CASP3,0.956
CDH1,MET,0.959
CDH1,CTNNA2,0.969
CDH1,ERBB2,0.97
CDH1,CDH2,0.995
CDH1,EGFR,0.999
KMT2C,EZH2,0.792
KMT2C,PRKAA1,0.801
KMT2C,ARID1A,0.823
KMT2C,PRKAB1,0.826
KMT2C,TP53,0.858
KMT2C,KMT2A,0.947
KMT2C,KDM6A,0.999
TEP1,SNRPB,0.721
XRCC1,MUTYH,0.728
XRCC1,TP53,0.75
XRCC1,CHFR,0.77
XRCC1,BRCA1,0.817
XRCC1,ATM,0.835
XRCC1,ERCC6,0.86
XRCC1,ERCC5,0.881
XRCC1,XRCC3,0.911
XRCC1,ERCC2,0.985
MAPK3,BCL2L1,0.701
MAPK3,CASP8,0.709
MAPK3,FGFR4,0.713
MAPK3,SMAD4,0.744
MAPK3,CD44,0.751
MAPK3,JAK2,0.783
MAPK3,CAV1,0.803
MAPK3,MAP3K1,0.819
MAPK3,TLR4,0.824
MAPK3,RHOA,0.833
MAPK3,PTGS2,0.855
MAPK3,IL1B,0.86
MAPK3,STAT3,0.87
MAPK3,IL6,0.905
MAPK3,TNF,0.922
MAPK3,PPP2R1A,0.932
MAPK3,BDNF,0.942
MAPK3,CEBPB,0.947
MAPK3,PRKCB,0.949
MAPK3,HRAS,0.983
MAPK3,CASP3,0.985
MAPK3,MYC,0.986
MAPK3,JUN,0.987
MAPK3,PTPN11,0.99
MAPK3,TP53,0.994
MAP3K8,IL6,0.764
MAP3K8,RELA,0.892
IL1B,CD44,0.707
IL1B,ANXA5,0.716
IL1B,TP53,0.718
IL1B,RHOA,0.733
IL1B,TXNIP,0.734
IL1B,CD274,0.735
IL1B,GPX3,0.742
IL1B,MX1,0.746
IL1B,IL7R,0.758
IL1B,BCL2L1,0.764
IL1B,PLAU,0.765
IL1B,MYC,0.778
IL1B,JAK2,0.806
IL1B,SOD2,0.806
IL1B,ALB,0.836
IL1B,CXCR4,0.838
IL1B,BDNF,0.844
IL1B,MAPK8,0.845
IL1B,PPARG,0.858
IL1B,EGFR,0.873
IL1B,CASP3,0.899
IL1B,STAT3,0.938
IL1B,CASP8,0.943
IL1B,PTGS2,0.974
IL1B,IL6R,0.975
IL1B,TLR4,0.986
IL1B,JUN,0.987
IL1B,RELA,0.99
IL1B,IL10,0.991
IL1B,IL6,0.996
IL1B,TNF,0.998
BLVRB,NDUFS1,0.803
BLVRB,NDUFV1,0.842
KDR,NOS3,0.716
KDR,MYC,0.723
KDR,TP53,0.73
KDR,GREM1,0.745
KDR,AREG,0.754
KDR,RHOA,0.755
KDR,BDNF,0.795
KDR,EGFR,0.805
KDR,FYN,0.807
KDR,TGFA,0.824
KDR,MET,0.851
KDR,PTPN11,0.919
KDR,JAK2,0.926
KDR,JAK1,0.947
KDR,CAV1,0.962
KDR,TIMP3,0.967
KDR,PIK3CA,0.975
PIK3CA,PLCE1,0.708
PIK3CA,NPM1,0.712
PIK3CA,CAV1,0.727
PIK3CA,BRCA1,0.728
PIK3CA,MYC,0.74
PIK3CA,RHOA,0.743
PIK3CA,NTRK3,0.745
PIK3CA,PPP2R1A,0.773
PIK3CA,CDKN2A,0.791
PIK3CA,SMAD4,0.805
PIK3CA,FGFR4,0.837
PIK3CA,STAT3,0.859
PIK3CA,FGFR2,0.908
PIK3CA,ARID1A,0.913
PIK3CA,TLR4,0.928
PIK3CA,TP53,0.941
PIK3CA,FYN,0.951
PIK3CA,MET,0.961
PIK3CA,JAK1,0.969
PIK3CA,JAK2,0.98
PIK3CA,IRS2,0.984
PIK3CA,PTPN11,0.99
PIK3CA,ERBB2,0.992
PIK3CA,HRAS,0.995
PIK3CA,EGFR,0.999
STAT3,TGFA,0.714
STAT3,ANXA5,0.73
STAT3,NPM1,0.744
STAT3,IL7R,0.746
STAT3,MUC1,0.752
STAT3,CAV1,0.759
STAT3,SMAD4,0.768
STAT3,CXCR4,0.775
STAT3,BIRC5,0.796
STAT3,CD44,0.802
STAT3,CASP3,0.804
STAT3,BRCA1,0.812
STAT3,PPARG,0.826
STAT3,TLR4,0.846
STAT3,FGFR2,0.847
STAT3,HDAC3,0.889
STAT3,FYN,0.891
STAT3,MAPK8,0.9
STAT3,HDAC2,0.906
STAT3,PTGS2,0.93
STAT3,TNF,0.939
STAT3,ERBB2,0.948
STAT3,BCL2L1,0.949
STAT3,DNMT1,0.957
STAT3,IL10,0.968
STAT3,EZH2,0.973
STAT3,MET,0.981
STAT3,PTPN11,0.984
STAT3,CDKN1A,0.984
STAT3,CEBPB,0.984
STAT3,IL6,0.984
STAT3,MYC,0.985
STAT3,CD274,0.992
STAT3,RELA,0.992
STAT3,IL6R,0.993
STAT3,TP53,0.994
STAT3,JUN,0.995
STAT3,EGFR,0.998
STAT3,JAK1,0.999
STAT3,JAK2,0.999
DNMT3A,ARID1A,0.72
DNMT3A,KMT2A,0.746
DNMT3A,NPM1,0.794
DNMT3A,TP53,0.835
DNMT3A,TET2,0.946
DNMT3A,HDAC2,0.97
DNMT3A,MYC,0.991
DNMT3A,DNMT3B,0.998
DNMT3A,EZH2,0.999
DNMT3A,DNMT1,0.999
PRDX5,SOD2,0.818
TIMP3,ECM1,0.73
TIMP3,AGTR2,0.852
CDH2,ITGA5,0.712
CDH2,MYC,0.712
CDH2,ERBB2,0.735
CDH2,MET,0.75
CDH2,SMAD4,0.751
CDH2,RHOA,0.779
CDH2,EGFR,0.78
CDH2,CD44,0.84
CDH2,CTNNA2,0.936
TP53,RPS6,0.704
TP53,KDM6A,0.71
TP53,DDB1,0.711
TP53,ALB,0.722
TP53,RPS19,0.723
TP53,JAK2,0.728
TP53,HDAC3,0.741
TP53,MUTYH,0.746
TP53,CHD4,0.749
TP53,ERCC6,0.752
TP53,TET2,0.755
TP53,IL10,0.756
TP53,KMT2A,0.757
TP53,KRT8,0.763
TP53,PRKAA1,0.764
TP53,JAK1,0.774
TP53,TYMS,0.774
TP53,XAF1,0.776
TP53,CD274,0.776
TP53,IL6,0.777
TP53,MET,0.804
TP53,ERCC2,0.804
TP53,ANXA5,0.818
TP53,EEF2,0.828
TP53,TXNIP,0.855
TP53,BID,0.856
TP53,PLAGL1,0.856
TP53,KLF6,0.857
TP53,CEBPB,0.862
TP53,TNF,0.865
TP53,MAP3K1,0.866
TP53,SMAD4,0.875
TP53,CD44,0.876
TP53,EZH2,0.899
TP53,IGFBP3,0.901
TP53,AURKB,0.908
TP53,ING1,0.914
TP53,WWOX,0.914
TP53,HRAS,0.925
TP53,BIRC5,0.93
TP53,ERBB2,0.935
TP53,RUNX3,0.936
TP53,CASP10,0.939
TP53,EGFR,0.943
TP53,PPP2R1A,0.946
TP53,PPARG,0.949
TP53,RELA,0.955
TP53,CASP3,0.956
TP53,ARID1A,0.961
TP53,MUC1,0.966
TP53,PTGS2,0.974
TP53,SREBF2,0.978
TP53,HSPA8,0.987
TP53,HDAC2,0.99
TP53,CASP8,0.991
TP53,GADD45A,0.991
TP53,DNMT1,0.997
TP53,JUN,0.997
TP53,MYC,0.997
TP53,NPM1,0.997
TP53,MAPK8,0.997
TP53,ATM,0.999
TP53,CHEK2,0.999
TP53,BCL2L1,0.999
TP53,BRCA1,0.999
TP53,CDKN1A,0.999
TP53,CDKN2A,0.999
ERBB2,BIRC5,0.7
ERBB2,SMAD4,0.708
ERBB2,NTRK3,0.717
ERBB2,CXCR4,0.729
ERBB2,CAV1,0.735
ERBB2,FGFR2,0.744
ERBB2,BDNF,0.746
ERBB2,ATM,0.748
ERBB2,IL6,0.752
ERBB2,ANXA5,0.758
ERBB2,JUN,0.759
ERBB2,BCL2L1,0.767
ERBB2,TNFRSF9,0.768
ERBB2,CDKN2A,0.773
ERBB2,RHOA,0.79
ERBB2,CD274,0.798
ERBB2,FYN,0.807
ERBB2,ADRB2,0.822
ERBB2,PTGS2,0.828
ERBB2,FGFR4,0.829
ERBB2,MET,0.847
ERBB2,MYC,0.886
ERBB2,HRAS,0.907
ERBB2,BRCA1,0.918
ERBB2,JAK1,0.959
ERBB2,AREG,0.959
ERBB2,JAK2,0.966
ERBB2,PTPN11,0.971
ERBB2,MUC1,0.979
ERBB2,TGFA,0.998
ERBB2,EGFR,0.999
ERBB2,CD44,0.999
CAPN9,GKN1,0.945
EGFR,RELA,0.701
EGFR,GSTP1,0.713
EGFR,MSLN,0.715
EGFR,TNFRSF9,0.718
EGFR,PTPRG,0.735
EGFR,SMAD4,0.735
EGFR,CASP8,0.737
EGFR,TLR4,0.739
EGFR,EZH2,0.741
EGFR,ANXA5,0.745
EGFR,CASP3,0.747
EGFR,IRS2,0.749
EGFR,CDKN1A,0.752
EGFR,KRT8,0.754
EGFR,ITGA5,0.792
EGFR,BRCA1,0.8
EGFR,ALB,0.808
EGFR,MAPK8,0.83
EGFR,PTGS2,0.836
EGFR,PPARG,0.843
EGFR,BCL2L1,0.847
EGFR,CD274,0.87
EGFR,JUN,0.871
EGFR,FYN,0.873
EGFR,MYC,0.875
EGFR,BDNF,0.877
EGFR,TNF,0.89
EGFR,IL10,0.899
EGFR,RHOA,0.903
EGFR,CDKN2A,0.91
EGFR,ENO1,0.928
EGFR,HSPA8,0.932
EGFR,JAK1,0.97
EGFR,IL6,0.979
EGFR,IGFBP3,0.981
EGFR,JAK2,0.986
EGFR,HRAS,0.994
EGFR,MET,0.996
EGFR,CD44,0.998
EGFR,PTPN11,0.999
EGFR,TGFA,0.999
EGFR,CAV1,0.999
EGFR,MUC1,0.999
EGFR,AREG,0.999
DLC1,CAV1,0.785
DLC1,RHOA,0.903
PLIN2,PPARG,0.727
PLIN2,HSPA8,0.969
HIKESHI,HSPA8,0.75
ATM,CASP3,0.702
ATM,FGFR2,0.705
ATM,KDM6A,0.712
ATM,GADD45A,0.746
ATM,MAPK8,0.792
ATM,WWOX,0.806
ATM,CDKN1A,0.807
ATM,CDKN2A,0.847
ATM,MYC,0.871
ATM,ERCC2,0.914
ATM,XRCC3,0.918
ATM,CASP8,0.961
ATM,ERCC5,0.975
ATM,BRCA1,0.999
ATM,CHEK2,0.999
ACAD8,ECHS1,0.962
CA2,ENO1,0.766
CA2,HSPD1,0.79
CA2,CA1,0.833
CASP10,CASP3,0.969
CASP10,BID,0.976
CASP10,CASP8,0.999
PPARG,IL10,0.733
PPARG,PTGS2,0.735
PPARG,TLR4,0.738
PPARG,CAV1,0.765
PPARG,EZH2,0.778
PPARG,HDAC2,0.784
PPARG,TNF,0.807
PPARG,IL6,0.82
PPARG,JUN,0.849
PPARG,IGFBP3,0.85
PPARG,ARID1A,0.914
PPARG,SREBF2,0.94
PPARG,HDAC3,0.965
PPARG,RXRB,0.98
PPARG,CEBPB,0.989
PPARG,RELA,0.998
ACTC1,TPM3,0.996
ACE,TNF,0.72
ACE,NOS3,0.731
ACE,IL6,0.776
ACE,MTHFR,0.818
ACE,ALB,0.912
ACE,AGTR2,0.948
FGFR4,BDNF,0.708
FGFR4,AREG,0.712
FGFR4,TGFA,0.717
FGFR4,HRAS,0.943
ITGA5,PLAU,0.781
ITGA5,CD44,0.785
ITGA5,ITGA8,0.833
UBXN1,BRCA1,0.79
IGFBP7,IGFBP3,0.764
IGFBP7,JUN,0.85
ALB,PLAU,0.708
ALB,HSPA8,0.712
ALB,GPX3,0.716
ALB,CD44,0.739
ALB,CAV1,0.743
ALB,MYC,0.759
ALB,PTGS2,0.772
ALB,RBP4,0.785
ALB,ANXA5,0.786
ALB,CASP3,0.815
ALB,TLR4,0.821
ALB,BMP2,0.828
ALB,IL10,0.847
ALB,TNF,0.87
ALB,IL6,0.926
ALB,AFP,0.927
ALB,FGG,0.945
ALB,SERPINA1,0.998
ANXA5,CD44,0.733
ANXA5,MYC,0.741
ANXA5,IL6,0.75
ANXA5,TNF,0.758
ANXA5,BCL2L1,0.796
ANXA5,CASP8,0.842
ANXA5,CASP3,0.921
NPM1,NOP56,0.717
NPM1,PPIA,0.728
NPM1,RPS6,0.728
NPM1,RPL15,0.733
NPM1,BOP1,0.757
NPM1,BRCA1,0.773
NPM1,TET2,0.776
NPM1,PTPN11,0.789
NPM1,CEBPB,0.803
NPM1,HDAC2,0.838
NPM1,MLF1,0.838
NPM1,EEF1A1,0.842
NPM1,TPM3,0.846
NPM1,PA2G4,0.856
NPM1,HSPD1,0.872
NPM1,MYC,0.896
NPM1,CDKN2A,0.999
NOS3,IL10,0.701
NOS3,IL6,0.718
NOS3,CAV1,0.999
CKB,ENO1,0.736
PSCA,MSLN,0.721
PSCA,MUC6,0.732
BIRC5,MYC,0.825
BIRC5,TYMS,0.862
BIRC5,BIRC2,0.878
BIRC5,CASP3,0.916
BIRC5,AURKB,0.999
DDB1,ERCC5,0.794
DDB1,CDKN1A,0.837
DDB1,ERCC2,0.862
DDB1,RAD23A,0.868
DDB1,COPS7A,0.874
DDB1,ERCC6,0.988
PA2G4,EEF1A1,0.896
PA2G4,RPS21,0.906
PA2G4,RPS6,0.909
PA2G4,NOP56,0.911
PA2G4,RPS19,0.913
PA2G4,RPS26,0.922
PA2G4,BOP1,0.929
PA2G4,SERBP1,0.929
PA2G4,EEF2,0.957
PA2G4,ZNF593,0.965
PA2G4,RPS15,0.966
PA2G4,RPL13,0.993
PA2G4,RPL15,0.995
PA2G4,RPL18,0.996
HDAC3,JUN,0.754
HDAC3,RELA,0.764
HDAC3,ING1,0.778
HDAC3,HDAC2,0.906
HDAC3,MYC,0.949
HDAC3,EZH2,0.989
ADRB2,TNF,0.718
ADRB2,TPM3,0.825
ADRB2,CXCR4,0.826
ADRB2,ADRB1,0.956
CEBPB,PTGS2,0.706
CEBPB,TNF,0.76
CEBPB,FOSL1,0.811
CEBPB,IL6,0.896
CEBPB,JUN,0.927
CEBPB,SMAD4,0.928
CEBPB,MYC,0.958
CEBPB,RELA,0.967
IL7R,TNF,0.717
IL7R,FYN,0.724
IL7R,TNFRSF9,0.748
IL7R,CD44,0.755
IL7R,JAK2,0.9
IL7R,IL6,0.916
IL7R,IL10,0.919
IL7R,JAK1,0.994
MRPL13,MAPK8,0.791
MRPL13,EEF2,0.829
MRPL13,SOD2,0.875
MRPL13,RPS21,0.956
MRPL13,RPS26,0.958
MRPL13,RPL15,0.965
MRPL13,RPS6,0.968
MRPL13,RPS19,0.97
MRPL13,RPS15,0.973
MRPL13,RPL18,0.977
MRPL13,RPL13,0.983
MRPL13,MRPS11,0.998
RPL13,ZNF593,0.896
RPL13,MRPS11,0.939
RPL13,BOP1,0.939
RPL13,SERBP1,0.984
RPL13,EEF1A1,0.991
RPL13,RPL18,0.999
RPL13,RPS21,0.999
RPL13,RPS19,0.999
RPL13,RPL15,0.999
RPL13,RPS15,0.999
RPL13,RPS6,0.999
RPL13,RPS26,0.999
RPL13,EEF2,0.999
EEF2,MRPS11,0.808
EEF2,HSPA8,0.841
EEF2,ENO1,0.876
EEF2,SERBP1,0.971
EEF2,EEF1A1,0.982
EEF2,RPS21,0.998
EEF2,RPS26,0.998
EEF2,RPS6,0.999
EEF2,RPS15,0.999
EEF2,RPL15,0.999
EEF2,RPS19,0.999
EEF2,RPL18,0.999
RPL15,ZNF593,0.888
RPL15,BOP1,0.929
RPL15,MRPS11,0.96
RPL15,EEF1A1,0.99
RPL15,SERBP1,0.991
RPL15,RPL18,0.999
RPL15,RPS21,0.999
RPL15,RPS19,0.999
RPL15,RPS15,0.999
RPL15,RPS6,0.999
RPL15,RPS26,0.999
FOSL1,RELA,0.876
FOSL1,MAPK8,0.948
FOSL1,JUN,0.999
CASP3,MET,0.708
CASP3,BDNF,0.72
CASP3,TLR4,0.74
CASP3,GPX3,0.741
CASP3,IL10,0.786
CASP3,HSPD1,0.806
CASP3,JUN,0.809
CASP3,BID,0.827
CASP3,PTGS2,0.865
CASP3,IL6,0.881
CASP3,MYC,0.881
CASP3,PRKCB,0.931
CASP3,MAP3K1,0.934
CASP3,TNF,0.939
CASP3,MAPK8,0.943
CASP3,BCL2L1,0.95
CASP3,CDKN1A,0.996
CASP3,BIRC2,0.997
CASP3,CASP8,0.999
GSTM1,GSTP1,0.808
GSTM1,GPX3,0.844
GSTM1,CYP2E1,0.976
GSTM1,CYP1A1,0.991
AURKB,CDKN2A,0.733
AURKB,TYMS,0.738
AURKB,MYC,0.761
CHRNA3,JAK2,0.902
TYMS,TYMP,0.927
TYMS,DPYD,0.979
TYMS,MTHFR,0.991
HTR1A,BDNF,0.816
MET,BDNF,0.742
MET,CD274,0.743
MET,MUC1,0.762
MET,PLAU,0.765
MET,RHOA,0.793
MET,CXCR4,0.797
MET,AREG,0.804
MET,TGFA,0.85
MET,IL6,0.856
MET,JAK1,0.917
MET,JAK2,0.92
MET,IL32,0.921
MET,PTPN11,0.927
MET,HRAS,0.961
MET,CD44,0.995
MRPS11,SOD2,0.824
MRPS11,MAPK8,0.833
MRPS11,RPL18,0.965
MRPS11,RPS21,0.975
MRPS11,RPS19,0.975
MRPS11,RPS6,0.978
MRPS11,RPS26,0.979
MRPS11,RPS15,0.986
BID,RHOA,0.782
BID,CTSL,0.913
BID,MAPK8,0.954
BID,CASP8,0.992
BID,BCL2L1,0.999
EZH2,CDKN1A,0.739
EZH2,JAK2,0.768
EZH2,CDKN2A,0.813
EZH2,JUN,0.852
EZH2,TET2,0.875
EZH2,ARID1A,0.877
EZH2,RELA,0.915
EZH2,BRCA1,0.926
EZH2,BAP1,0.937
EZH2,KDM6A,0.965
EZH2,MYC,0.984
EZH2,CHD4,0.993
EZH2,DNMT1,0.999
EZH2,DNMT3B,0.999
EZH2,HDAC2,0.999
ARID1A,CDKN2A,0.72
ARID1A,CHD4,0.726
ARID1A,BRCA1,0.801
ARID1A,PPP2R1A,0.914
F2R,THBD,0.966
PPP2R1A,PRKCB,0.906
PPP2R1A,RELA,0.933
PPP2R1A,PTPA,0.998
DNMT3B,CDKN2A,0.727
DNMT3B,MYC,0.842
DNMT3B,TET2,0.852
DNMT3B,HDAC2,0.994
DNMT3B,DNMT1,0.999
ALDH1A3,CYP1A1,0.958
RARB,RXRB,0.992
PTCH1,GLI3,0.989
FGG,SERPINA1,0.886
EEF1A1,HSPA8,0.941
EEF1A1,RPS21,0.946
EEF1A1,RPS26,0.965
EEF1A1,RPS15,0.98
EEF1A1,RPS19,0.981
EEF1A1,RPL18,0.989
EEF1A1,RPS6,0.995
CAV1,IL6,0.714
CAV1,CXCR4,0.715
CAV1,PTPN11,0.739
CAV1,JAK2,0.781
CAV1,PTGS2,0.826
CAV1,RHOA,0.898
CAV1,TLR4,0.962
CAV1,HRAS,0.974
CAV1,PRNP,0.99
CAV1,FYN,0.997
HSPD1,PPIA,0.709
HSPD1,PRNP,0.814
HSPD1,HSPA8,0.933
HSPD1,TLR4,0.999
SMAD4,IL6,0.704
SMAD4,HRAS,0.714
SMAD4,RUNX3,0.74
SMAD4,BMP7,0.777
SMAD4,CDKN2A,0.851
SMAD4,MYC,0.931
SMAD4,CDKN1A,0.94
SMAD4,BMP2,0.954
SMAD4,ACVR1B,0.957
SMAD4,MAPK8,0.98
SMAD4,JUN,0.989
CTSL,BCL2L1,0.919
CTSL,CST7,0.941
RPS21,SERBP1,0.989
RPS21,RPS26,0.999
RPS21,RPS15,0.999
RPS21,RPS6,0.999
RPS21,RPL18,0.999
RPS21,RPS19,0.999
PRKAA1,PRKAB1,0.999
FYN,JAK2,0.777
FYN,BDNF,0.828
FYN,CD44,0.84
FYN,HRAS,0.855
FYN,RHOA,0.966
FYN,PTPN11,0.988
FYN,PRNP,0.99
ERCC6,BRCA1,0.727
ERCC6,ERCC2,0.973
ERCC6,ERCC5,0.999
RPS26,SERBP1,0.99
RPS26,RPS15,0.999
RPS26,RPS6,0.999
RPS26,RPL18,0.999
RPS26,RPS19,0.999
TES,ENAH,0.967
CASP8,PTGS2,0.7
CASP8,RELA,0.704
CASP8,IL6,0.739
CASP8,JUN,0.782
CASP8,MYC,0.79
CASP8,TLR4,0.885
CASP8,MAPK8,0.89
CASP8,BCL2L1,0.933
CASP8,BIRC2,0.971
CASP8,TNF,0.999
DNMT1,CDKN2A,0.703
DNMT1,PAX6,0.77
DNMT1,BRCA1,0.799
DNMT1,KDM6A,0.829
DNMT1,CHD4,0.831
DNMT1,MYC,0.837
DNMT1,TET2,0.874
DNMT1,HDAC2,0.999
PTPRF,IRS2,0.915
PTPRF,PTPN11,0.922
NTRK3,TPM3,0.725
NTRK3,HRAS,0.783
NTRK3,BDNF,0.999
XAF1,MX1,0.925
KISS1,DPYD,0.855
PTGS2,MYC,0.715
PTGS2,RELA,0.737
PTGS2,TLR4,0.787
PTGS2,IL10,0.789
PTGS2,JUN,0.866
PTGS2,TNF,0.916
PTGS2,CYP2E1,0.943
PTGS2,IL6,0.96
PTGS2,ALOX5,0.973
RASAL2,HRAS,0.779
IL6R,TLR4,0.712
IL6R,PTPN11,0.805
IL6R,IL10,0.923
IL6R,JAK2,0.963
IL6R,TNF,0.982
IL6R,JAK1,0.986
IL6R,IL6,0.999
ECHS1,PDHA1,0.7
ECHS1,SUCLG1,0.719
BNIP3,BCL2L1,0.998
ADRB1,TPM3,0.708
DPYD,NDUFV1,0.732
DPYD,MTHFR,0.736
DPYD,TYMP,0.996
PGAM1,ALDOB,0.902
PGAM1,ENO1,0.996
GADD45A,BRCA1,0.71
GADD45A,CDKN1A,0.974
SERBP1,RPL18,0.98
SERBP1,RPS6,0.991
SERBP1,RPS19,0.993
SERBP1,RPS15,0.994
JUN,BCL2L1,0.706
JUN,MUC1,0.714
JUN,AFP,0.734
JUN,TLR4,0.741
JUN,HRAS,0.778
JUN,CDKN2A,0.779
JUN,BRCA1,0.794
JUN,RHOA,0.808
JUN,KLF6,0.822
JUN,CDKN1A,0.831
JUN,HDAC2,0.846
JUN,MAP3K1,0.872
JUN,WWOX,0.877
JUN,GSTP1,0.927
JUN,MYC,0.97
JUN,RELA,0.986
JUN,TNF,0.989
JUN,IL6,0.989
JUN,MAPK8,0.999
PLCE1,PRKCB,0.909
PLCE1,RHOA,0.944
PLCE1,HRAS,0.973
PLAU,MYC,0.708
PLAU,TNF,0.751
PLAU,IL6,0.763
PLAU,THBD,0.802
PLAU,SERPINB2,0.986
TLR4,THBD,0.739
TLR4,JAK2,0.793
TLR4,BIRC2,0.804
TLR4,CXCR4,0.824
TLR4,IL10,0.943
TLR4,RELA,0.966
TLR4,TNF,0.969
TLR4,IL6,0.973
TLR4,CD44,0.983
ZNF593,WDR46,0.785
ZNF593,RPL18,0.885
ALOX5,CYP2E1,0.92
ALOX5,GPX3,0.94
WDR46,BOP1,0.969
WDR46,RPS19,0.976
WDR46,RPS6,0.994
WDR46,NOP56,0.999
ING1,HDAC2,0.985
IRS2,JAK1,0.835
IRS2,PTPN11,0.887
IRS2,MAPK8,0.936
IRS2,JAK2,0.979
BCL2L1,CDKN1A,0.704
BCL2L1,PTPN11,0.725
BCL2L1,BIRC2,0.759
BCL2L1,JAK2,0.763
BCL2L1,RELA,0.773
BCL2L1,IL6,0.809
BCL2L1,CDKN2A,0.814
BCL2L1,MYC,0.863
BCL2L1,TNF,0.878
BCL2L1,MAPK8,0.986
MTHFR,GSTP1,0.725
KDM6A,KMT2A,0.869
BCOR,BRCA1,0.904
BMP2,TNF,0.731
BMP2,MSX1,0.797
BMP2,ACVR1B,0.807
BMP2,BMP7,0.988
BMP2,GREM1,0.995
PDHA1,NDUFS1,0.752
PDHA1,SUCLG1,0.83
PDHA1,NDUFV1,0.878
RPS6,BOP1,0.755
RPS6,NOP56,0.995
RPS6,RPS15,0.999
RPS6,RPL18,0.999
RPS6,RPS19,0.999
AKR1C3,CYP2E1,0.91
AKR1C3,CYP1A1,0.935
CDX2,MUC6,0.772
IGFBP3,IL6,0.733
IGFBP3,CD44,0.739
NOP56,BOP1,0.974
NOP56,RPS19,0.987
CD274,CXCR4,0.752
CD274,IL6,0.799
CD274,TNF,0.807
CD274,IL10,0.877
CD274,TNFRSF9,0.899
CD274,PTPN11,0.95
JAK2,HRAS,0.781
JAK2,TNF,0.801
JAK2,IL10,0.838
JAK2,CXCR4,0.874
JAK2,TET2,0.917
JAK2,FGFR2,0.921
JAK2,IL6,0.995
JAK2,PTPN11,0.998
JAK2,JAK1,0.999
ARHGAP5,RHOA,0.992
CHEK2,MUTYH,0.739
CHEK2,CDKN2A,0.758
CHEK2,CDKN1A,0.761
CHEK2,XRCC3,0.809
CHEK2,BRCA1,0.999
MSLN,MUC1,0.829
GPX3,TNF,0.727
GPX3,IL6,0.733
GPX3,GSTP1,0.84
GPX3,SOD2,0.904
ERCC2,RAD23A,0.761
ERCC2,BRCA1,0.88
ERCC2,XRCC3,0.897
ERCC2,ERCC5,0.999
CDKN2D,CDKN2A,0.81
CDKN2D,CDKN1A,0.854
SUCLG1,NDUFS1,0.752
SUCLG1,NDUFV1,0.836
SUCLG1,SOD2,0.844
SUCLG1,IDH3B,0.931
CYP1A1,CYP2E1,0.939
CYP1A1,GSTP1,0.974
MAPK8,SOD2,0.715
MAPK8,CDKN1A,0.808
MAPK8,CDKN2A,0.838
MAPK8,WWOX,0.846
MAPK8,TNF,0.89
MAPK8,HSPA8,0.932
MAPK8,IL6,0.938
MAPK8,GSTP1,0.974
MAPK8,RELA,0.975
MAPK8,HRAS,0.985
MAPK8,RHOA,0.988
MAPK8,MAP3K1,0.993
AREG,FGFR2,0.824
AREG,TGFA,0.96
AFP,ZBTB20,0.774
AFP,SERPINA1,0.927
BMP7,ACVR1B,0.711
BMP7,GREM1,0.911
MX1,JAK1,0.753
GSTP1,CYP2E1,0.979
MAP3K1,BRCA1,0.77
MAP3K1,BIRC2,0.86
MAP3K1,RHOA,0.861
MAP3K1,HRAS,0.945
RUNX3,CDKN2A,0.789
RUNX3,MYC,0.837
RUNX3,CDKN1A,0.846
RELA,IL10,0.701
RELA,TET2,0.702
RELA,CDKN1A,0.745
RELA,MUC1,0.787
RELA,BIRC2,0.795
RELA,CDKN2A,0.851
RELA,MYC,0.852
RELA,BRCA1,0.878
RELA,HDAC2,0.986
RELA,IL6,0.986
RELA,TNF,0.997
CDKN1A,BRCA1,0.809
CDKN1A,CDKN2A,0.966
CDKN1A,MYC,0.981
GATAD2A,HDAC2,0.999
GATAD2A,CHD4,0.999
IL6,MUC1,0.73
IL6,MYC,0.73
IL6,PTPN11,0.79
IL6,CD44,0.821
IL6,BDNF,0.846
IL6,CXCR4,0.921
IL6,TNF,0.994
IL6,JAK1,0.996
IL6,IL10,0.997
CXCR4,TNF,0.814
CXCR4,CD44,0.994
NDUFS1,NDUFV1,0.999
SELENBP1,CA1,0.726
SELENBP1,ENO1,0.751
CD44,FGFR2,0.709
CD44,SLC16A3,0.717
CD44,MYC,0.772
CD44,RHOA,0.783
CD44,IL10,0.795
CD44,MUC1,0.818
CD44,TNF,0.822
CD44,ICAM2,0.851
TNF,MYC,0.702
TNF,IL32,0.712
TNF,CYP2E1,0.729
TNF,BDNF,0.739
TNF,RHOA,0.779
TNF,TNFRSF9,0.816
TNF,JAK1,0.828
TNF,TGFA,0.833
TNF,IL10,0.992
TNF,BIRC2,0.999
RHOA,MYC,0.727
TGFA,HRAS,0.704
TGFA,FGFR2,0.771
MUC6,MUC1,0.977
HRAS,MYC,0.871
HRAS,PRKCB,0.919
HRAS,PTPN11,0.926
HRAS,FGFR2,0.961
HRAS,CDKN2A,0.99
FBP1,ALDOB,0.982
FGFR2,PTPN11,0.802
FGFR2,BDNF,0.827
FGFR2,JAK1,0.913
IL10,MUC1,0.707
IL10,JAK1,0.976
BAP1,HDAC2,0.913
BAP1,BRCA1,0.995
PTPRG,FHIT,0.72
FHIT,CDKN2A,0.701
FHIT,WWOX,0.938
CDKN2A,RNF43,0.7
CDKN2A,BRCA1,0.832
CDKN2A,MYC,0.998
BRCA1,ERCC5,0.911
BRCA1,XRCC3,0.953
BRCA1,HDAC2,0.953
BRCA1,MYC,0.999
PPIA,HSPA8,0.777
PPIA,ENO1,0.87
HDAC2,MYC,0.838
HDAC2,TET2,0.989
HDAC2,CHD4,0.999
HSPA8,MYC,0.716
HSPA8,ENO1,0.876
RPL18,BOP1,0.933
RPL18,RPS19,0.999
RPL18,RPS15,0.999
XRCC3,ERCC5,0.729
TXNIP,PTPN11,0.972
RPS15,RPS19,0.999
RAD23A,ERCC5,0.747
IDH3B,NDUFV1,0.896
PTPN11,JAK1,0.994
ENO1,ALDOB,0.936
GREM1,MUTYH,0.701
