Normalized score	N CTs	ei	N variants g	N PMIDs Chemicals	Gene	pLI	Gene Full Name	First Ref.	Last Ref.	N Chemicals	N PMIDs	score	N diseases g	My Score	DSI g	DPI g	N variants gda
0.6774193548387097	9	0.84375	1682	0	TP53	0.99795	tumor protein p53	2012	2014	0	3	1.05	247		0.25	0.96	1
0.6129032258064515	85	1.0	69	0	ERBB2	0.059432	erb-b2 receptor tyrosine kinase 2	2004	2011	0	3	0.95	55		0.33	0.88	0
0.5806451612903226	15	1.0	211	0	FGFR2	1.0	fibroblast growth factor receptor 2	2011	2025	0	4	0.9	105		0.36	0.88	8
0.5806451612903226	3	0.6666666666666666	7326	0	APC	1.0	APC regulator of Wnt signaling pathway	2014	2014	0	1	0.9	121		0.38	0.88	36
0.5483870967741935	2	1.0	4	0	PTGS2	1.0	prostaglandin-endoperoxide synthase 2	1999	2012	0	4	0.85	144		0.33	0.92	0
0.5483870967741935	9	0.8888888888888888	5	0	IL1B	0.48761	interleukin 1 beta	2004	2012	0	3	0.85	165		0.28	0.96	0
0.5483870967741935	1	1.0	7	0	MYC	1.0	MYC proto-oncogene, bHLH transcription factor	2006	2012	0	2	0.85	62		0.34	0.88	0
0.5483870967741935	10	1.0	173	0	KRAS	0.99914	KRAS proto-oncogene, GTPase	2000	2001	0	2	0.85	130		0.32	0.88	0
0.5483870967741935	2	1.0	347	0	PIK3CA	1.0	phosphatidylinositol-4,5-bisphosphate 3-kinase catalytic subunit alpha	2012	2014	0	2	0.85	132		0.33	0.88	3
0.5483870967741935	36	1.0	10	0	IL6	0.19935	interleukin 6	2013	2013	0	1	0.85	216		0.25	0.96	0
0.5483870967741935	3	0.8333333333333334	22	0	RUNX3	0.37225	RUNX family transcription factor 3	2006	2006	0	1	0.85	30		0.46	0.79	0
0.5483870967741935	3	1.0	1	0	GAST	0.0029777	gastrin	2004	2004	0	1	0.85	8		0.48	0.83	0
0.5161290322580645	0	1.0	321	0	STAT3	1.0	signal transducer and activator of transcription 3	2013	2013	0	1	0.8	97		0.32	0.88	0
0.5161290322580645	1	1.0	5	0	GSTM1		glutathione S-transferase mu 1			0	0	0.8	185		0.4	0.92	0
0.48387096774193544	8	1.0	2209	0	CDH1	0.85165	cadherin 1	1998	2023	0	8	0.75	78		0.35	0.88	3
0.48387096774193544	26	0.9166666666666666	694	0	EGFR	0.98131	epidermal growth factor receptor	2005	2012	0	3	0.75	101		0.29	0.88	0
0.48387096774193544	35	1.0	9	0	TNF	0.85687	tumor necrosis factor	1992	2004	0	2	0.75	304		0.25	0.96	0
0.48387096774193544	1	1.0	209	0	RNF43	6.3189E-4	ring finger protein 43	2014	2014	0	1	0.75	22		0.54	0.63	0
0.48387096774193544	1	1.0	1	0	BIRC5	0.056967	baculoviral IAP repeat containing 5	2005	2005	0	1	0.75	23		0.39	0.83	0
0.48387096774193544	4	0.8888888888888888	627	0	CDKN2A	0.61755	cyclin dependent kinase inhibitor 2A	2006	2006	0	1	0.75	112		0.31	0.88	0
0.48387096774193544	77	0.8888888888888888	0	0	CD274	0.98199	CD274 molecule	2006	2006	0	1	0.75	15		0.32	0.88	0
0.48387096774193544	0	0.8	7	0	TLR2	5.7976E-5	toll like receptor 2			0	0	0.75	62		0.37	0.88	0
0.4516129032258064	0	1.0	10	0	SOD2	0.032187	superoxide dismutase 2	2000	2014	0	4	0.7	198		0.38	0.96	0
0.4516129032258064	15	1.0	1884	0	MET	0.99984	MET proto-oncogene, receptor tyrosine kinase	2011	2012	0	2	0.7	75		0.37	0.88	0
0.4516129032258064	3	1.0	22	0	XRCC1	2.1913E-10	X-ray repair cross complementing 1	2012	2012	0	1	0.7	103		0.44	0.88	0
0.4516129032258064	1	0.75	86	0	MDM2	1.0	MDM2 proto-oncogene	2020	2020	0	1	0.7	22		0.38	0.88	0
0.4516129032258064	1	0.75	12	0	CHFR	2.7384E-11	checkpoint with forkhead and ring finger domains	2006	2006	0	1	0.7	3		0.57	0.79	0
0.4516129032258064	0	1.0	1	0	HDAC2	0.98923	histone deacetylase 2			0	0	0.7	23		0.46	0.92	0
0.4516129032258064	2	1.0	36	0	KDR	1.0	kinase insert domain receptor			0	0	0.7	66		0.37	0.88	0
0.41935483870967744	8	1.0	20	0	TYMS	2.5709E-4	thymidylate synthetase	2005	2008	0	4	0.65	65		0.43	0.88	0
0.41935483870967744	2	1.0	249	0	HRAS	0.017176	HRas proto-oncogene, GTPase	2001	2015	0	2	0.65	85		0.38	0.88	0
0.41935483870967744	1	1.0	484	0	CDK4	0.5637	cyclin dependent kinase 4	2011	2011	0	1	0.65	33		0.42	0.88	0
0.41935483870967744	0	0.8333333333333334	14	0	CDKN1A	1.7452E-5	cyclin dependent kinase inhibitor 1A	2004	2004	0	1	0.65	34		0.4	0.88	0
0.41935483870967744	0	1.0	495	0	CDKN1B	0.24156	cyclin dependent kinase inhibitor 1B	2004	2004	0	1	0.65	29		0.41	0.92	0
0.41935483870967744	0	1.0	6	0	AHR	0.0077533	aryl hydrocarbon receptor	2002	2002	0	1	0.65	80		0.4	0.92	0
0.41935483870967744	7	1.0	19	0	ERCC1	9.3575E-13	ERCC excision repair 1, endonuclease non-catalytic subunit	2011	2011	0	1	0.65	57		0.45	0.88	0
0.41935483870967744	0	0.7777777777777778	14	0	CD44	0.0015658	CD44 molecule (IN blood group)	2011	2011	0	1	0.65	33		0.36	0.88	0
0.41935483870967744	2	1.0	20	0	CCND1	0.71899	cyclin D1	2011	2011	0	1	0.65	74		0.35	0.88	0
0.41935483870967744	0	1.0	43	0	CAV1	0.01393	caveolin 1	2006	2006	0	1	0.65	47		0.4	0.92	0
0.41935483870967744	0	1.0	11	0	SNAI1	0.0019054	snail family transcriptional repressor 1	2006	2006	0	1	0.65	10		0.45	0.83	0
0.41935483870967744	15	1.0	51	0	IL10	0.48334	interleukin 10			0	0	0.65	126		0.29	0.96	0
0.41935483870967744	1	0.5	2509	0	PTCH1	1.0	patched 1			0	0	0.65	80		0.41	0.88	0
0.41935483870967744	0	1.0	76	0	CXCR4	0.96886	C-X-C motif chemokine receptor 4			0	0	0.65	28		0.36	0.88	0
0.41935483870967744	1	1.0	0	0	GSTT1		glutathione S-transferase theta 1			0	0	0.65	153		0.42	0.88	0
0.41935483870967744	0	1.0	0	0	FOXA1	0.89395	forkhead box A1			0	0	0.65	23		0.48	0.88	0
0.3870967741935484	1	1.0	1321	0	MUTYH	1.6764E-18	mutY DNA glycosylase	2002	2014	0	24	0.6	46		0.48	0.83	13
0.3870967741935484	7	1.0	319	0	DPYD	5.5849E-30	dihydropyrimidine dehydrogenase	2005	2008	0	3	0.6	62		0.47	0.88	0
0.3870967741935484	1	1.0	176	0	ARID1A	1.0	AT-rich interaction domain 1A	2011	2014	0	3	0.6	57		0.43	0.88	0
0.3870967741935484	1	1.0	12	0	CA1	4.3338E-5	carbonic anhydrase 1	2004	2009	0	2	0.6	17		0.5	0.88	0
0.3870967741935484	2	1.0	4	0	GSTP1	7.9827E-8	glutathione S-transferase pi 1	2011	2011	0	2	0.6	125		0.41	0.92	0
0.3870967741935484	0	1.0	128	0	PPARG	0.21172	peroxisome proliferator activated receptor gamma	2004	2009	0	2	0.6	77		0.36	0.92	0
0.3870967741935484	1	1.0	331	0	MTHFR	1.0185E-11	methylenetetrahydrofolate reductase	2008	2011	0	2	0.6	224		0.36	0.88	0
0.3870967741935484	0	1.0	3	0	CDX2	0.78648	caudal type homeobox 2	2023	2023	0	1	0.6	4		0.45	0.75	0
0.3870967741935484	1	1.0	42	0	IL6R	6.7914E-8	interleukin 6 receptor	2006	2006	0	1	0.6	36		0.38	0.92	0
0.3870967741935484	0	1.0	1	0	LGALS3	2.0063E-4	galectin 3	2011	2011	0	1	0.6	17		0.37	0.92	0
0.3870967741935484	4	1.0	14	0	MUC1		mucin 1, cell surface associated	2015	2015	0	1	0.6	22		0.37	0.92	0
0.3870967741935484	51	1.0	45	0	ALB	0.10648	albumin	2009	2009	0	1	0.6	87		0.32	0.92	0
0.3870967741935484	1	1.0	0	0	KRT20	5.3016E-12	keratin 20	2004	2004	0	1	0.6	5		0.47	0.67	0
0.3870967741935484	0	1.0	22	0	MAPK1	0.99852	mitogen-activated protein kinase 1	2007	2007	0	1	0.6	62		0.35	0.92	0
0.3870967741935484	0	1.0	70	0	FHIT	3.036E-7	fragile histidine triad diadenosine triphosphatase	2003	2003	0	1	0.6	26		0.44	0.92	0
0.3870967741935484	0	1.0	2	0	MMP7	1.3795E-6	matrix metallopeptidase 7	2015	2015	0	1	0.6	5		0.42	0.88	0
0.3870967741935484	0	0.875	0	0	GKN1	0.027849	gastrokine 1	2004	2004	0	1	0.6	4		0.68	0.54	0
0.3870967741935484	0	1.0	118	0	TWIST1	0.0067645	twist family bHLH transcription factor 1	2009	2009	0	1	0.6	20		0.4	0.88	0
0.3870967741935484	1	1.0	1996	0	CHEK2	2.7688E-14	checkpoint kinase 2	2011	2011	0	1	0.6	67		0.43	0.88	0
0.3870967741935484	0	1.0	19	0	TGFA	0.003239	transforming growth factor alpha	2005	2005	0	1	0.6	22		0.41	0.88	0
0.3870967741935484	6	1.0	9	0	AFP	5.0742E-14	alpha fetoprotein	2013	2013	0	1	0.6	9		0.39	0.88	0
0.3870967741935484	0	1.0	12	0	BCL2L1	0.99922	BCL2 like 1	2015	2015	0	1	0.6	34		0.41	0.83	0
0.3548387096774194	1	1.0	1349	0	BAP1	1.0	BRCA1 associated deubiquitinase 1	2015	2016	0	2	0.55	67		0.44	0.83	0
0.3548387096774194	0	1.0	61	0	APOA1	5.2702E-7	apolipoprotein A1	2004	2009	0	2	0.55	45		0.39	0.88	0
0.3548387096774194	0	1.0	7	0	ALOX5	7.4893E-17	arachidonate 5-lipoxygenase	2010	2010	0	1	0.55	41		0.46	0.88	0
0.3548387096774194	1	1.0	1080	0	SMAD4	1.0	SMAD family member 4	2010	2010	0	1	0.55	59		0.39	0.83	0
0.3548387096774194	4	1.0	286	0	ERCC2	6.4219E-28	ERCC excision repair 2, TFIIH core complex helicase subunit	2006	2006	0	1	0.55	77		0.44	0.88	0
0.3548387096774194	0	1.0	1	0	JUN	0.46638	Jun proto-oncogene, AP-1 transcription factor subunit	2007	2007	0	1	0.55	31		0.4	0.92	0
0.3548387096774194	6	1.0	8617	0	ATM	1.2568E-69	ATM serine/threonine kinase	2015	2015	0	1	0.55	117		0.38	0.88	0
0.3548387096774194	2	1.0	99	0	IL5	0.021217	interleukin 5			0	0	0.55	14		0.39	0.96	0
0.3548387096774194	0	1.0	1	0	CASP3	0.066565	caspase 3			0	0	0.55	39		0.38	0.88	0
0.3548387096774194	0	1.0	438	0	PTPN11	1.0	protein tyrosine phosphatase non-receptor type 11			0	0	0.55	84		0.4	0.88	0
0.3548387096774194	0	1.0	9	0	TLR4	4.0578E-4	toll like receptor 4			0	0	0.55	89		0.33	0.92	0
0.3548387096774194	1	1.0	166	0	EZH2	1.0	enhancer of zeste 2 polycomb repressive complex 2 subunit			0	0	0.55	51		0.38	0.92	0
0.3548387096774194	1	1.0	23	0	GPX1	0.0019011	glutathione peroxidase 1			0	0	0.55	74		0.41	0.96	0
0.3548387096774194	0	1.0	1	0	GPX3	1.0819E-8	glutathione peroxidase 3			0	0	0.55	34		0.47	0.88	0
0.3548387096774194	0	1.0	44	0	JAK2	2.2125E-6	Janus kinase 2			0	0	0.55	60		0.38	0.88	0
0.3548387096774194	7	1.0	6605	0	BRCA1	1.4282E-34	BRCA1 DNA repair associated			0	0	0.55	87		0.37	0.88	0
0.3548387096774194	0	1.0	8	0	KLF6	1.0	KLF transcription factor 6			0	0	0.55	8		0.53	0.79	0
0.3548387096774194	1		102	0	IL1RN	0.0055013	interleukin 1 receptor antagonist			0	0	0.55	126		0.39	0.92	0
0.3548387096774194	0	1.0	0	0	ATP4B	1.0807E-7	ATPase H+/K+ transporting subunit beta			0	0	0.55	7		0.69	0.46	0
0.3225806451612903	1	1.0	0	0	AREG	0.0036614	amphiregulin	2005	2006	0	3	0.5	17		0.47	0.79	0
0.3225806451612903	1	1.0	138	0	UMPS	0.0026375	uridine monophosphate synthetase	2006	2008	0	3	0.5	26		0.59	0.79	0
0.3225806451612903	0	1.0	115	0	HSPD1	1.0	heat shock protein family D (Hsp60) member 1	2004	2009	0	2	0.5	25		0.43	0.88	0
0.3225806451612903	1	1.0	501	0	DNMT1	1.0	DNA methyltransferase 1	2007	2011	0	2	0.5	44		0.41	0.88	0
0.3225806451612903	1	1.0	0	0	MSLN	1.4464E-33	mesothelin	2012	2022	0	2	0.5	24		0.51	0.67	0
0.3225806451612903	0	1.0	23	0	NPM1	0.99647	nucleophosmin 1	1999	1999	0	1	0.5	14		0.46	0.83	0
0.3225806451612903	0	1.0	107	0	RARB	0.99401	retinoic acid receptor beta	2005	2005	0	1	0.5	23		0.46	0.88	0
0.3225806451612903	0	1.0	534	0	DES	2.3544E-6	desmin	2009	2009	0	1	0.5	37		0.45	0.88	0
0.3225806451612903	0	1.0	180	0	HSPB1	2.2734E-9	heat shock protein family B (small) member 1	2009	2009	0	1	0.5	40		0.44	0.83	0
0.3225806451612903	1	1.0	5	0	TNFRSF9	0.017524	TNF receptor superfamily member 9	2014	2014	0	1	0.5	11		0.47	0.83	0
0.3225806451612903	1	1.0	7	0	NT5E	3.8532E-18	5'-nucleotidase ecto	2006	2006	0	1	0.5	3		0.44	0.88	0
0.3225806451612903	0	1.0	0	0	REG4	5.5465E-5	regenerating family member 4	2007	2007	0	1	0.5	1		0.57	0.63	0
0.3225806451612903	0	1.0	26	0	BMP2	0.99999	bone morphogenetic protein 2	2006	2006	0	1	0.5	33		0.44	0.88	0
0.3225806451612903	0	1.0	82	0	TIMP3	0.46204	TIMP metallopeptidase inhibitor 3	2006	2006	0	1	0.5	18		0.45	0.92	0
0.3225806451612903	0	1.0	3	0	LRRC3B		leucine rich repeat containing 3B	2008	2008	0	1	0.5	3		0.68	0.5	0
0.3225806451612903	0	1.0	209	0	ACE	5.7955E-32	angiotensin I converting enzyme	2007	2007	0	1	0.5	124		0.36	0.92	0
0.3225806451612903	0	1.0	7	0	BOP1	9.5566E-14	BOP1 ribosomal biogenesis factor	2011	2011	0	1	0.5	1		0.71	0.38	0
0.3225806451612903	0	1.0	127	0	ZBTB20	1.0	zinc finger and BTB domain containing 20	2011	2011	0	1	0.5	13		0.52	0.88	0
0.3225806451612903	0	1.0	1	0	PYCARD	4.2867E-4	PYD and CARD domain containing	2006	2006	0	1	0.5	21		0.48	0.88	0
0.3225806451612903	0	1.0	8	0	IGFBP3	0.060792	insulin like growth factor binding protein 3	2006	2006	0	1	0.5	20		0.41	0.92	0
0.3225806451612903	0	1.0	0	0	ITGA5	0.9994	integrin subunit alpha 5	2007	2007	0	1	0.5	6		0.52	0.83	0
0.3225806451612903	0	1.0	6	0	MUC6	7.6372E-68	mucin 6, oligomeric mucus/gel-forming (gene/pseudogene)	2014	2014	0	1	0.5	2		0.53	0.75	0
0.3225806451612903	0	0.5	19	0	NOS3	2.4053E-25	nitric oxide synthase 3	2006	2006	0	1	0.5	123		0.38	0.92	0
0.3225806451612903	0	1.0	61	0	SERPINE1	0.03418	serpin family E member 1	2006	2006	0	1	0.5	65		0.36	0.92	0
0.3225806451612903	2	1.0	172	0	SERPINA1	8.1899E-7	serpin family A member 1	2004	2004	0	1	0.5	43		0.38	0.88	0
0.3225806451612903	0	1.0	2	0	XAF1	1.5044E-12	XIAP associated factor 1	2006	2006	0	1	0.5	8		0.58	0.75	0
0.3225806451612903	0	1.0	1	0	PPIA	0.98467	peptidylprolyl isomerase A	2009	2009	0	1	0.5	10		0.47	0.88	0
0.3225806451612903	1	1.0	35	0	PPP2R1A	1.0	protein phosphatase 2 scaffold subunit Aalpha	2011	2011	0	1	0.5	7		0.55	0.79	0
0.3225806451612903	1	1.0	3	0	MAPK8	0.95256	mitogen-activated protein kinase 8	2008	2008	0	1	0.5	18		0.39	0.88	0
0.3225806451612903	0	1.0	242	0	KMT2C	1.0	lysine methyltransferase 2C	2012	2012	0	1	0.5	44		0.48	0.83	0
0.3225806451612903	2	1.0	43	0	BDNF	0.99974	brain derived neurotrophic factor	2006	2006	0	1	0.5	64		0.35	0.92	0
0.3225806451612903	0	1.0	8	0	RASAL2	0.005106	RAS protein activator like 2	2022	2022	0	1	0.5	6		0.59	0.63	0
0.3225806451612903	0	1.0	0	0	CEBPB	0.15446	CCAAT enhancer binding protein beta	2023	2023	0	1	0.5	11		0.46	0.88	0
0.3225806451612903	0	1.0	2	0	AURKB	1.5082E-7	aurora kinase B	2005	2005	0	1	0.5	4		0.5	0.88	0
0.3225806451612903	0	1.0	72	0	CTNNA2	0.97457	catenin alpha 2	2014	2014	0	1	0.5	7		0.49	0.88	0
0.3225806451612903	0	1.0	1	0	REG1A	6.6756E-7	regenerating family member 1 alpha	2005	2005	0	1	0.5	4		0.55	0.88	0
0.3225806451612903	0	1.0	1	0	PLIN2	4.0436E-11	perilipin 2	2006	2006	0	1	0.5	3		0.51	0.88	0
0.3225806451612903	1		90	0	DDR2	1.0	discoidin domain receptor tyrosine kinase 2			0	0	0.5	21		0.49	0.83	0
0.3225806451612903	0	1.0	2	0	MAP3K8	0.7227	mitogen-activated protein kinase kinase kinase 8			0	0	0.5	12		0.53	0.79	0
0.3225806451612903	1		18	0	NTRK3		neurotrophic receptor tyrosine kinase 3			0	0	0.5	26		0.47	0.83	0
0.3225806451612903	0	1.0	11	0	FGFR4	1.4215E-15	fibroblast growth factor receptor 4			0	0	0.5	19		0.47	0.79	0
0.2903225806451613	0	1.0	99	0	DLC1	0.98674	DLC1 Rho GTPase activating protein	2015	2015	0	1	0.45	7		0.54	0.83	0
0.2903225806451613	0	1.0	0	0	TXNIP	0.0024644	thioredoxin interacting protein	2023	2023	0	1	0.45	5		0.47	0.88	0
0.2903225806451613	0	1.0	280	0	CASP10	6.2773E-9	caspase 10	2014	2014	0	1	0.45	11		0.54	0.75	3
0.2903225806451613	0	1.0	17	0	DAB2IP		DAB2 interacting protein			0	0	0.45	23		0.56	0.79	0
0.2903225806451613	0	1.0	12	0	EEF2	0.99999	eukaryotic translation elongation factor 2			0	0	0.45	16		0.54	0.79	0
0.2903225806451613	0	1.0	67	0	KDM4B	1.0	lysine demethylase 4B			0	0	0.45	20		0.54	0.88	0
0.2903225806451613	0	1.0	257	0	IL7R	2.4867E-8	interleukin 7 receptor			0	0	0.45	23		0.44	0.88	0
0.2903225806451613	0	1.0	77	0	MAP3K1	1.0	mitogen-activated protein kinase kinase kinase 1			0	0	0.45	19		0.52	0.79	0
0.2903225806451613	0	1.0	41	0	JAK1	1.0	Janus kinase 1			0	0	0.45	23		0.42	0.88	0
0.2903225806451613	0	1.0	2	0	MIR27B		microRNA 27b			0	0	0.45	9		0.53	0.79	0
0.2903225806451613	0	1.0	0	0	CAPN9	4.5902E-19	calpain 9			0	0	0.45	5		0.72	0.54	0
0.2903225806451613	0	1.0	5	0	FOSL1	0.0042322	FOS like 1, AP-1 transcription factor subunit			0	0	0.45	5		0.49	0.88	0
0.2903225806451613	0	1.0	1	0	POFUT4	8.7076E-15	protein O-fucosyltransferase 4			0	0	0.45	5		0.72	0.38	0
0.2903225806451613	0	1.0	2	0	MIR152		microRNA 152			0	0	0.45	13		0.54	0.79	0
0.2903225806451613	0	1.0	11	0	SULT1A1	1.425E-12	sulfotransferase family 1A member 1			0	0	0.45	33		0.55	0.83	0
0.2903225806451613	0	1.0	7	0	ACVR1B	0.99992	activin A receptor type 1B			0	0	0.45	19		0.59	0.67	0
0.2903225806451613	0	1.0	73	0	CHRNA3	2.6717E-10	cholinergic receptor nicotinic alpha 3 subunit			0	0	0.45	30		0.53	0.88	0
0.2903225806451613	0	1.0	292	0	DNMT3A	2.8201E-146	DNA methyltransferase 3 alpha			0	0	0.45	56		0.41	0.88	0
0.2903225806451613	0	1.0	87	0	LRP1B	1.0	LDL receptor related protein 1B			0	0	0.45	26		0.51	0.79	0
0.2903225806451613	0	1.0	4	0	CYP1A1	8.9759E-18	cytochrome P450 family 1 subfamily A member 1			0	0	0.45	96		0.43	0.88	0
0.2903225806451613	0	1.0	112	0	HLA-DQA1	6.3922E-4	major histocompatibility complex, class II, DQ alpha 1			0	0	0.45	97		0.39	0.88	0
0.2903225806451613	0		10	0	IRF1	0.9408	interferon regulatory factor 1			0	0	0.45	19		0.45	0.88	0
0.2903225806451613	0	1.0	31	0	TMEM260	1.3468E-15	transmembrane protein 260			0	0	0.45	9		0.64	0.58	0
0.2903225806451613	0	1.0	0	0	TEP1	5.511E-61	telomerase associated protein 1			0	0	0.45	8		0.61	0.71	0
0.25806451612903225	0	1.0	22	0	RHOA	0.98955	ras homolog family member A	2004	2023	0	4	0.4	26		0.43	0.92	0
0.25806451612903225	0	1.0	8	0	PHB1	0.44193	prohibitin 1	2004	2011	0	2	0.4	13		0.51	0.83	0
0.25806451612903225	0	1.0	18	0	PSCA	0.0011313	prostate stem cell antigen	2008	2015	0	2	0.4	8		0.54	0.75	0
0.25806451612903225	0	1.0	8	0	HMOX1	3.3466E-7	heme oxygenase 1	2004	2012	0	2	0.4	82		0.38	0.88	0
0.25806451612903225	0	1.0	5	0	SELENBP1	9.6402E-28	selenium binding protein 1	2004	2009	0	2	0.4	11		0.55	0.83	0
0.25806451612903225	0	1.0	3	0	RBP1	1.8223E-6	retinol binding protein 1	2005	2006	0	2	0.4	12		0.51	0.88	0
0.25806451612903225	0	1.0	9	0	MTSS1	1.0	MTSS I-BAR domain containing 1	2006	2006	0	1	0.4	5		0.53	0.83	0
0.25806451612903225	0	1.0	18	0	NOP56	3.3762E-5	NOP56 ribonucleoprotein	2011	2011	0	1	0.4	7		0.64	0.58	0
0.25806451612903225	0	1.0	1	0	ARL6IP5	0.23346	ARF like GTPase 6 interacting protein 5	2012	2012	0	1	0.4	1		0.66	0.67	0
0.25806451612903225	0	1.0	6	0	CKB	0.11564	creatine kinase B	2004	2004	0	1	0.4	10		0.47	0.83	0
0.25806451612903225	0	1.0	460	0	CLN3	5.1779E-14	CLN3 lysosomal/endosomal transmembrane protein, battenin	2011	2011	0	1	0.4	14		0.56	0.75	0
0.25806451612903225	0	1.0	48	0	FGD5	1.0	FYVE, RhoGEF and PH domain containing 5	2021	2021	0	1	0.4	2		0.6	0.67	0
0.25806451612903225	0	1.0	203	0	TYMP	6.8807E-20	thymidine phosphorylase	2008	2008	0	1	0.4	29		0.48	0.88	0
0.25806451612903225	0	1.0	2	0	F2R	0.0070568	coagulation factor II thrombin receptor	2006	2006	0	1	0.4	10		0.44	0.88	0
0.25806451612903225	0	1.0	10	0	FAM168A	0.99998	family with sequence similarity 168 member A	2011	2011	0	1	0.4	1		0.68	0.63	0
0.25806451612903225	0	1.0	129	0	ACAD8	6.7651E-14	acyl-CoA dehydrogenase family member 8	2011	2011	0	1	0.4	2		0.69	0.54	0
0.25806451612903225	0	1.0	1	0	PRPF19	1.0	pre-mRNA processing factor 19	2011	2011	0	1	0.4	4		0.65	0.67	0
0.25806451612903225	0	1.0	1	0	ABT1	1.3349E-4	activator of basal transcription 1	2011	2011	0	1	0.4	1		0.61	0.75	0
0.25806451612903225	0	1.0	1	0	ICAM2	2.0627E-5	intercellular adhesion molecule 2	2006	2006	0	1	0.4	5		0.6	0.71	0
0.25806451612903225	0	1.0	4	0	ARHGAP5	1.0	Rho GTPase activating protein 5	2023	2023	0	1	0.4	4		0.65	0.71	0
0.25806451612903225	0	1.0	2	0	MARK1	0.32309	microtubule affinity regulating kinase 1	2006	2006	0	1	0.4	4		0.69	0.63	0
0.25806451612903225	0	1.0	6	0	MLF1	3.9596E-6	myeloid leukemia factor 1	2006	2006	0	1	0.4	1		0.65	0.63	0
0.25806451612903225	0	1.0	2	0	MMP10	1.3951E-15	matrix metallopeptidase 10	2012	2012	0	1	0.4	8		0.48	0.88	0
0.25806451612903225	0	1.0	688	0	NOTCH2	1.0	notch receptor 2	2019	2019	0	1	0.4	37		0.43	0.83	0
0.25806451612903225	0	1.0	0	0	UBXN1	0.0033144	UBX domain protein 1	2011	2011	0	1	0.4	1		0.72	0.54	0
0.25806451612903225	0	1.0	28	0	GATAD2A	1.0	GATA zinc finger domain containing 2A	2022	2022	0	1	0.4	2		0.62	0.63	0
0.25806451612903225	0	1.0	84	0	PRNP	3.2079E-4	prion protein (Kanno blood group)	2007	2007	0	1	0.4	30		0.43	0.92	0
0.25806451612903225	0	1.0	30	0	EXOSC5	0.0018329	exosome component 5	2011	2011	0	1	0.4	3		0.62	0.71	0
0.25806451612903225	0	1.0	16	0	RBP4	0.86871	retinol binding protein 4	2006	2006	0	1	0.4	33		0.45	0.88	0
0.25806451612903225	0	1.0	0	0	RPS15	0.1766	ribosomal protein S15	2011	2011	0	1	0.4	3		0.65	0.58	0
0.25806451612903225	0	1.0	362	0	HNF1B	1.0	HNF1 homeobox B	2025	2025	0	1	0.4	46		0.45	0.88	0
0.25806451612903225	0	1.0	287	0	ACTC1	0.97282	actin alpha cardiac muscle 1	2009	2009	0	1	0.4	20		0.56	0.63	0
0.25806451612903225	0	1.0	7	0	XRCC3	1.1578E-15	X-ray repair cross complementing 3	2011	2011	0	1	0.4	38		0.51	0.83	0
0.25806451612903225	0	1.0	0	0	FSD1	0.52172	fibronectin type III and SPRY domain containing 1	2006	2006	0	1	0.4	1		0.76	0.46	0
0.25806451612903225	0	1.0	2	0	MIA	6.7481E-5	MIA SH3 domain containing	2006	2006	0	1	0.4	1		0.6	0.67	0
0.25806451612903225	0	1.0	9	0	IRS2	4.0881E-7	insulin receptor substrate 2	2006	2006	0	1	0.4	8		0.52	0.83	0
0.25806451612903225	0	1.0	3	0	ADRB1	0.1116	adrenoceptor beta 1	2007	2007	0	1	0.4	28		0.47	0.88	0
0.25806451612903225	0	1.0	193	0	ALDOB	2.309E-11	aldolase, fructose-bisphosphate B	2009	2009	0	1	0.4	9		0.57	0.83	0
0.25806451612903225	0	1.0	2	0	ATP6V0D2	5.6179E-11	ATPase H+ transporting V0 subunit d2	2014	2014	0	1	0.4	3		0.63	0.75	0
0.25806451612903225	0	1.0	0	0	PRDX5	1.0594E-6	peroxiredoxin 5	2009	2009	0	1	0.4	3		0.51	0.88	0
0.25806451612903225	0	1.0	0	0	HNRNPL	1.0	heterogeneous nuclear ribonucleoprotein L	2011	2011	0	1	0.4	10		0.59	0.83	0
0.25806451612903225	0	1.0	34	0	HOXA2	0.99969	homeobox A2	2007	2007	0	1	0.4	8		0.63	0.58	0
0.25806451612903225	0	1.0	2	0	APEX1	1.0883E-10	apurinic/apyrimidinic endodeoxyribonuclease 1	2011	2011	0	1	0.4	24		0.47	0.83	0
0.25806451612903225	0	1.0	5	0	ING1	0.99027	inhibitor of growth family member 1	2011	2011	0	1	0.4	11		0.58	0.67	0
0.25806451612903225	0	1.0	19	0	KRT8		keratin 8	2004	2004	0	1	0.4	11		0.5	0.83	0
0.25806451612903225	0	1.0	47	0	MSX1	6.598E-4	msh homeobox 1	2006	2006	0	1	0.4	19		0.51	0.88	0
0.25806451612903225	0	1.0	3	0	MT2A	0.044744	metallothionein 2A	2003	2003	0	1	0.4	27		0.52	0.88	0
0.25806451612903225	0	1.0	119	0	NDUFS1	8.966E-12	NADH:ubiquinone oxidoreductase core subunit S1	2011	2011	0	1	0.4	10		0.58	0.75	0
0.25806451612903225	0	1.0	459	0	ALDH7A1	1.2151E-16	aldehyde dehydrogenase 7 family member A1	2011	2011	0	1	0.4	15		0.53	0.92	0
0.25806451612903225	0	1.0	0	0	ZNF593	1.3684E-8	zinc finger protein 593	2011	2011	0	1	0.4	1		0.82	0.29	0
0.25806451612903225	0	1.0	304	0	PLCE1	3.5005E-10	phospholipase C epsilon 1	2010	2010	0	1	0.4	16		0.53	0.83	0
0.25806451612903225	0	1.0	7	0	HIKESHI	0.15744	heat shock protein nuclear import factor hikeshi	2011	2011	0	1	0.4	4		0.67	0.58	0
0.25806451612903225	0	1.0	156	0	NBAS	2.1769E-43	NBAS subunit of NRZ tethering complex	2011	2011	0	1	0.4	15		0.59	0.79	0
0.25806451612903225	0	1.0	207	0	PDHA1		pyruvate dehydrogenase E1 subunit alpha 1	2011	2011	0	1	0.4	16		0.52	0.79	0
0.25806451612903225	0	1.0	0	0	PGAM1	3.6048E-7	phosphoglycerate mutase 1	2004	2004	0	1	0.4	10		0.57	0.83	0
0.25806451612903225	0	1.0	34	0	PLAU	2.1468E-7	plasminogen activator, urokinase	2006	2006	0	1	0.4	65		0.42	0.88	0
0.25806451612903225	0	1.0	6	0	PREP	1.0	prolyl endopeptidase	2011	2011	0	1	0.4	5		0.55	0.88	0
0.25806451612903225	0	1.0	0	0	EBI3	6.2489E-7	Epstein-Barr virus induced 3	2006	2006	0	1	0.4	2		0.56	0.83	0
0.25806451612903225	0	1.0	4	0	CDKN2D	0.23922	cyclin dependent kinase inhibitor 2D	2006	2006	0	1	0.4	1		0.62	0.75	0
0.25806451612903225	0	1.0	5	0	CNPY2	2.2858E-5	canopy FGF signaling regulator 2	2011	2011	0	1	0.4	3		0.64	0.58	0
0.25806451612903225	0	1.0	3	0	CCT7	0.99814	chaperonin containing TCP1 subunit 7	2011	2011	0	1	0.4	7		0.74	0.46	0
0.25806451612903225	0	1.0	6	0	WIF1	9.5487E-8	Wnt inhibitory factor 1	2006	2006	0	1	0.4	9		0.5	0.79	0
0.25806451612903225	0	1.0	97	0	PUS1	6.3134E-8	pseudouridine synthase 1	2011	2011	0	1	0.4	5		0.6	0.79	0
0.25806451612903225	0	1.0	1	0	URM1	0.011758	ubiquitin related modifier 1	2011	2011	0	1	0.4	1		0.78	0.38	0
0.25806451612903225	0	1.0	3	0	ARFGAP2	6.1223E-9	ARF GTPase activating protein 2	2011	2011	0	1	0.4	1		0.76	0.33	0
0.25806451612903225	0	1.0	20	0	KISS1R	7.5789E-10	KISS1 receptor	2006	2006	0	1	0.4	28		0.52	0.83	0
0.25806451612903225	0	1.0	0	0	TNFSF9	3.1301E-5	TNF superfamily member 9	2006	2006	0	1	0.4	7		0.55	0.75	0
0.25806451612903225	0	1.0	3	0	HDAC3	0.99784	histone deacetylase 3	2023	2023	0	1	0.4	10		0.48	0.88	0
0.25806451612903225	0	1.0	2	0	PRKAB1	0.013037	protein kinase AMP-activated non-catalytic subunit beta 1	2011	2011	0	1	0.4	1		0.72	0.5	0
0.25806451612903225	0	1.0	47	0	PTPRG	5.0355E-15	protein tyrosine phosphatase receptor type G	2007	2007	0	1	0.4	1		0.58	0.83	0
0.25806451612903225	0	1.0	4	0	RAD23A	0.86165	RAD23 nucleotide excision repair protein A	2011	2011	0	1	0.4	1		0.74	0.54	0
0.25806451612903225	0	1.0	3	0	RARRES1	5.3536E-12	retinoic acid receptor responder 1	2005	2005	0	1	0.4	1		0.55	0.75	0
0.25806451612903225	0	1.0	14	0	RELA	0.99992	RELA proto-oncogene, NF-kB subunit	2023	2023	0	1	0.4	50		0.39	0.92	0
0.25806451612903225	0	1.0	2	0	RPS6	1.0	ribosomal protein S6	2011	2011	0	1	0.4	4		0.56	0.83	0
0.25806451612903225	0	1.0	3	0	RPS21	0.1784	ribosomal protein S21	2011	2011	0	1	0.4	1		0.71	0.42	0
0.25806451612903225	0	1.0	60	0	RPS26	0.99587	ribosomal protein S26	2011	2011	0	1	0.4	7		0.56	0.83	0
0.25806451612903225	0	1.0	5	0	RXRB	0.96646	retinoid X receptor beta	2011	2011	0	1	0.4	2		0.53	0.88	0
0.25806451612903225	0	1.0	5	0	BID	1.3941E-7	BH3 interacting domain death agonist	2004	2004	0	1	0.4	9		0.54	0.79	0
0.25806451612903225	0	1.0	1	0	MRPS11	6.7033E-10	mitochondrial ribosomal protein S11	2011	2011	0	1	0.4	1		0.78	0.38	0
0.25806451612903225	0	1.0	13	0	TMEM63A	1.5531E-16	transmembrane protein 63A	2011	2011	0	1	0.4	3		0.7	0.54	0
0.25806451612903225	0	1.0	26	0	CLCN3	1.0	chloride voltage-gated channel 3	2011	2011	0	1	0.4	10		0.53	0.83	0
0.25806451612903225	0	1.0	0	0	LOC129994371		ATAC-STARR-seq lymphoblastoid active region 22910	2014	2014	0	1	0.4	7		0.82	0.13	0
0.25806451612903225	0	1.0	7	0	DCBLD2	3.5756E-11	discoidin, CUB and LCCL domain containing 2	2008	2008	0	1	0.4	2		0.64	0.71	0
0.25806451612903225	0	1.0	1	0	CLDN3	0.45321	claudin 3	2006	2006	0	1	0.4	4		0.52	0.79	0
0.25806451612903225	0	1.0	4	0	ADRB2	0.0010085	adrenoceptor beta 2	2007	2007	0	1	0.4	51		0.44	0.92	0
0.25806451612903225	0	1.0	2	0	GADD45A	0.46518	growth arrest and DNA damage inducible alpha	2005	2005	0	1	0.4	15		0.51	0.83	0
0.25806451612903225	0	1.0	64	0	ECHS1	9.2335E-4	enoyl-CoA hydratase, short chain 1	2009	2009	0	1	0.4	7		0.6	0.67	0
0.25806451612903225	0	1.0	29	0	ALDH1A3	0.0036594	aldehyde dehydrogenase 1 family member A3	2006	2006	0	1	0.4	10		0.55	0.71	0
0.25806451612903225	0	1.0	111	0	FBP1	1.4098E-7	fructose-bisphosphatase 1	2011	2011	0	1	0.4	11		0.55	0.79	0
0.25806451612903225	0	1.0	17	0	FYN	1.0	FYN proto-oncogene, Src family tyrosine kinase	2006	2006	0	1	0.4	15		0.47	0.88	0
0.25806451612903225	0	1.0	0	0	SERBP1	1.0	SERPINE1 mRNA binding protein 1	2011	2011	0	1	0.4	1		0.65	0.58	0
0.25806451612903225	0	1.0	117	0	GREM1	0.2344	gremlin 1, DAN family BMP antagonist	2006	2006	0	1	0.4	8		0.48	0.79	0
0.25806451612903225	0	1.0	412	0	GLI3	1.0	GLI family zinc finger 3	2014	2014	0	1	0.4	45		0.44	0.88	0
0.25806451612903225	0	1.0	3	0	MRPS18B	1.4407E-8	mitochondrial ribosomal protein S18B	2011	2011	0	1	0.4	1		0.63	0.58	0
0.25806451612903225	0	1.0	11	0	CPSF1	7.3835E-21	cleavage and polyadenylation specific factor 1	2011	2011	0	1	0.4	3		0.69	0.58	0
0.25806451612903225	0	1.0	6	0	ID4	6.9549E-5	inhibitor of DNA binding 4	2006	2006	0	1	0.4	6		0.56	0.71	0
0.25806451612903225	0	1.0	13	0	KISS1	0.47504	KiSS-1 metastasis suppressor	2006	2006	0	1	0.4	22		0.48	0.83	0
0.25806451612903225	0	1.0	5	0	M6PR	5.6279E-4	mannose-6-phosphate receptor, cation dependent	2011	2011	0	1	0.4	7		0.7	0.58	0
0.25806451612903225	0	1.0	0	0	MX1	8.1784E-21	MX dynamin like GTPase 1	2006	2006	0	1	0.4	12		0.5	0.83	0
0.25806451612903225	0	1.0	20	0	NDUFA2	0.0022661	NADH:ubiquinone oxidoreductase subunit A2	2011	2011	0	1	0.4	7		0.62	0.71	0
0.25806451612903225	0	1.0	0	0	SERPINB2	9.424E-7	serpin family B member 2	2006	2006	0	1	0.4	5		0.53	0.83	0
0.25806451612903225	0	1.0	2	0	COPS7A	0.0013269	COP9 signalosome subunit 7A	2011	2011	0	1	0.4	1		0.75	0.42	0
0.25806451612903225	0	1.0	2	0	GMPR2	6.2548E-9	guanosine monophosphate reductase 2	2004	2004	0	1	0.4	2		0.77	0.25	0
0.25806451612903225	0	1.0	0	0	PPIC	3.7591E-6	peptidylprolyl isomerase C	2006	2006	0	1	0.4	1		0.73	0.42	0
0.25806451612903225	0	1.0	5	0	PTPA	0.94599	protein phosphatase 2 phosphatase activator	2011	2011	0	1	0.4	5		0.49	0.83	0
0.25806451612903225	0	1.0	12	0	PRKAA1	0.42661	protein kinase AMP-activated catalytic subunit alpha 1	2015	2015	0	1	0.4	7		0.51	0.88	0
0.25806451612903225	0	1.0	118	0	RPS19	0.99966	ribosomal protein S19	2011	2011	0	1	0.4	6		0.55	0.75	0
0.25806451612903225	0	1.0	53	0	SLC1A2	0.83535	solute carrier family 1 member 2	2011	2011	0	1	0.4	15		0.51	0.88	0
0.25806451612903225	0	1.0	207	0	TBX3	0.99457	T-box transcription factor 3	2006	2006	0	1	0.4	11		0.52	0.83	0
0.25806451612903225	0	1.0	127	0	THBD	0.049647	thrombomodulin	2006	2006	0	1	0.4	26		0.42	0.83	0
0.25806451612903225	0	1.0	0	0	MIR301B		microRNA 301b	2023	2023	0	1	0.4	3		0.51	0.88	0
0.25806451612903225	0	1.0	47	0	CA2	3.8994E-8	carbonic anhydrase 2	2004	2004	0	1	0.4	19		0.5	0.88	0
0.25806451612903225	0	1.0	3	0	TAF15	0.99986	TATA-box binding protein associated factor 15	2011	2011	0	1	0.4	7		0.57	0.79	0
0.25806451612903225	0	1.0	125	0	SUCLG1	3.366E-6	succinate-CoA ligase GDP/ADP-forming subunit alpha	2011	2011	0	1	0.4	3		0.55	0.83	0
0.25806451612903225	0	1.0	3	0	WDR46	1.4298E-15	WD repeat domain 46	2011	2011	0	1	0.4	1		0.61	0.83	0
0.25806451612903225	0	1.0	18	0	TRAP1	8.0922E-40	TNF receptor associated protein 1	2011	2011	0	1	0.4	7		0.48	0.88	0
0.25806451612903225	0	1.0	3	0	SCRN1	0.15331	secernin 1	2006	2006	0	1	0.4	3		0.68	0.46	0
0.25806451612903225	0	1.0	0	0	ZNF177		zinc finger protein 177	2006	2006	0	1	0.4	1		0.79	0.21	0
0.25806451612903225	0	1.0	339	0	FAT4	1.0	FAT atypical cadherin 4	2012	2012	0	1	0.4	17		0.52	0.88	0
0.25806451612903225	0	1.0	3	0	EPHX3	7.1018E-12	epoxide hydrolase 3	2006	2006	0	1	0.4	2		0.8	0.29	0
0.25806451612903225	0	1.0	18	0	SYMPK	0.94388	symplekin scaffold protein	2011	2011	0	1	0.4	1		0.67	0.67	0
0.25806451612903225	0	1.0	0	0	SPZ1	0.35663	spermatogenic leucine zipper 1	2006	2006	0	1	0.4	1		0.74	0.38	0
0.25806451612903225	0	1.0	5	0	TUBA1C	0.062129	tubulin alpha 1c	2009	2009	0	1	0.4	4		0.65	0.79	0
0.25806451612903225	0	1.0	23	0	ITGA8	1.215E-12	integrin subunit alpha 8	2007	2007	0	1	0.4	8		0.59	0.75	0
0.25806451612903225	0	1.0	3	0	PLPP1	4.9989E-7	phospholipid phosphatase 1	2011	2011	0	1	0.4	1		0.5	0.83	0
0.25806451612903225	0	1.0	5	0	AKR1C3	8.7918E-11	aldo-keto reductase family 1 member C3	2009	2009	0	1	0.4	16		0.53	0.75	0
0.25806451612903225	0	1.0	2	0	FCGBP		Fc gamma binding protein	2006	2006	0	1	0.4	1		0.62	0.71	0
0.25806451612903225	0	1.0	6	0	SLC16A3	1.6113E-8	solute carrier family 16 member 3	2016	2016	0	1	0.4	2		0.52	0.83	0
0.25806451612903225	0	1.0	1	0	RRP9	2.4723E-5	ribosomal RNA processing 9, U3 small nucleolar RNA binding protein	2011	2011	0	1	0.4	2		0.72	0.29	0
0.25806451612903225	0	1.0	14	0	DDB1	1.0	damage specific DNA binding protein 1	2011	2011	0	1	0.4	7		0.58	0.88	0
0.25806451612903225	0	1.0	327	0	DNMT3B	1.0	DNA methyltransferase 3 beta	2011	2011	0	1	0.4	31		0.45	0.88	0
0.25806451612903225	0	1.0	173	0	DPAGT1	2.7093E-5	dolichyl-phosphate N-acetylglucosaminephosphotransferase 1	2011	2011	0	1	0.4	10		0.55	0.83	0
0.25806451612903225	0	1.0	6	0	HBEGF	0.40226	heparin binding EGF like growth factor	2005	2005	0	1	0.4	14		0.47	0.88	0
0.25806451612903225	0	1.0	28	0	ECM1	3.6943E-17	extracellular matrix protein 1	2019	2019	0	1	0.4	7		0.53	0.83	0
0.25806451612903225	0	1.0	0	0	EEF1A1	1.0	eukaryotic translation elongation factor 1 alpha 1	2009	2009	0	1	0.4	4		0.56	0.79	0
0.25806451612903225	0	1.0	144	0	EEF1A2	0.99995	eukaryotic translation elongation factor 1 alpha 2	2006	2006	0	1	0.4	18		0.51	0.92	0
0.25806451612903225	0	1.0	0	0	ENO1	9.131E-8	enolase 1	2004	2004	0	1	0.4	24		0.47	0.88	0
0.25806451612903225	0	1.0	59	0	FGG	0.74144	fibrinogen gamma chain	2009	2009	0	1	0.4	21		0.56	0.79	0
0.25806451612903225	0	1.0	0	0	MRPL13	3.283E-8	mitochondrial ribosomal protein L13	2011	2011	0	1	0.4	5		0.67	0.5	0
0.25806451612903225	0	1.0	4	0	POLR1H	0.91789	RNA polymerase I subunit H	2006	2006	0	1	0.4	1		0.53	0.83	0
0.25806451612903225	0	1.0	5	0	HTR1A	2.3419E-4	5-hydroxytryptamine receptor 1A	2011	2011	0	1	0.4	31		0.5	0.88	0
0.25806451612903225	0	1.0	52	0	IDH3B	1.637E-11	isocitrate dehydrogenase (NAD(+)) 3 non-catalytic subunit beta	2011	2011	0	1	0.4	6		0.66	0.5	0
0.25806451612903225	0	1.0	22	0	FADS1	0.99966	fatty acid desaturase 1	2006	2006	0	1	0.4	3		0.52	0.88	0
0.25806451612903225	0	1.0	310	0	KMT2A	1.0	lysine methyltransferase 2A	2012	2012	0	1	0.4	46		0.43	0.88	0
0.25806451612903225	0	1.0	101	0	NDUFV1	2.6827E-13	NADH:ubiquinone oxidoreductase core subunit V1	2011	2011	0	1	0.4	11		0.59	0.67	0
0.25806451612903225	0	1.0	3	0	PA2G4	1.0	proliferation-associated 2G4	2011	2011	0	1	0.4	1		0.58	0.75	0
0.25806451612903225	0	1.0	445	0	PAX6	1.0	paired box 6	2006	2006	0	1	0.4	57		0.45	0.88	0
0.25806451612903225	0	1.0	9	0	PLAGL1	0.57707	PLAG1 like zinc finger 1	2006	2006	0	1	0.4	4		0.56	0.71	0
0.25806451612903225	0	1.0	4	0	PTOV1		PTOV1 extended AT-hook containing adaptor protein	2011	2011	0	1	0.4	1		0.65	0.5	0
0.25806451612903225	0	1.0	8	0	RANBP10	0.99158	RAN binding protein 10	2011	2011	0	1	0.4	1		0.76	0.42	0
0.25806451612903225	0	1.0	35	0	PTPRF	1.0	protein tyrosine phosphatase receptor type F	2011	2011	0	1	0.4	11		0.58	0.75	0
0.25806451612903225	0	1.0	12	0	RPL15	0.99997	ribosomal protein L15	2011	2011	0	1	0.4	4		0.59	0.79	0
0.25806451612903225	0	1.0	2	0	RPL18	0.999	ribosomal protein L18	2011	2011	0	1	0.4	4		0.61	0.75	0
0.25806451612903225	0	1.0	170	0	SOX9	1.0	SRY-box transcription factor 9	2023	2023	0	1	0.4	33		0.41	0.83	0
0.25806451612903225	0	1.0	0	0	SPRR2A	0.0098511	small proline rich protein 2A	2006	2006	0	1	0.4	1		0.71	0.42	0
0.25806451612903225	0	1.0	11	0	SREBF2	1.0815E-4	sterol regulatory element binding transcription factor 2	2011	2011	0	1	0.4	19		0.51	0.79	0
0.25806451612903225	0	1.0	2	0	TFAP2C	0.99883	transcription factor AP-2 gamma	2006	2006	0	1	0.4	3		0.59	0.67	0
0.25806451612903225	0	1.0	201	0	TPM3	0.97144	tropomyosin 3	2004	2004	0	1	0.4	20		0.53	0.83	0
0.25806451612903225	0	1.0	44	0	CDH2	1.0	cadherin 2	2006	2006	0	1	0.4	16		0.44	0.83	0
0.25806451612903225	0	1.0	5	0	FST	0.99997	follistatin	2006	2006	0	1	0.4	11		0.5	0.88	0
0.25806451612903225	0	1.0	225	0	CTSC	2.2624E-8	cathepsin C	2011	2011	0	1	0.4	9		0.53	0.83	0
0.25806451612903225	0	1.0	89	0	CHD4	1.0	chromodomain helicase DNA binding protein 4	2022	2022	0	1	0.4	24		0.52	0.83	0
0.25806451612903225	0	1.0	180	0	CASP8	0.012308	caspase 8	2007	2007	0	1	0.4	48		0.42	0.88	0
0.25806451612903225	0	1.0	0	0	CST7	2.1809E-7	cystatin F	2006	2006	0	1	0.4	1		0.62	0.67	0
0.25806451612903225	0	1.0	0	0	MBD3L2		methyl-CpG binding domain protein 3 like 2	2006	2006	0	1	0.4	1		0.87	0.21	0
0.25806451612903225	0	1.0	0	0	CST1	8.3392E-11	cystatin SN	2009	2009	0	1	0.4	3		0.61	0.71	0
0.25806451612903225	0	1.0	0	0	CTSL	1.0051E-5	cathepsin L	2006	2006	0	1	0.4	6		0.48	0.88	0
0.25806451612903225	0	1.0	0	0	AGTR2		angiotensin II receptor type 2	2007	2007	0	1	0.4	13		0.47	0.92	0
0.25806451612903225	0	1.0	5	0	SNX5	1.6894E-6	sorting nexin 5	2011	2011	0	1	0.4	1		0.67	0.58	0
0.25806451612903225	0	1.0	22	0	FILIP1	2.3721E-10	filamin A interacting protein 1	2006	2006	0	1	0.4	3		0.6	0.83	0
0.25806451612903225	0	1.0	7	0	ANXA5	3.4484E-9	annexin A5	2006	2006	0	1	0.4	14		0.47	0.79	0
0.25806451612903225	0	1.0	3	0	BIRC2	0.99997	baculoviral IAP repeat containing 2	2004	2004	0	1	0.4	6		0.5	0.83	0
0.25806451612903225	0	1.0	3	0	HSPA8	1.0	heat shock protein family A (Hsp70) member 8	2004	2004	0	1	0.4	11		0.51	0.88	0
0.25806451612903225	0	1.0	9	0	IGFBP7	2.1735E-9	insulin like growth factor binding protein 7	2006	2006	0	1	0.4	6		0.47	0.88	0
0.25806451612903225	0	1.0	5	0	POLR3K	0.0012916	RNA polymerase III subunit K	2011	2011	0	1	0.4	3		0.68	0.46	0
0.25806451612903225	0	1.0	468	0	WWOX	2.9926E-33	WW domain containing oxidoreductase	2007	2007	0	1	0.4	40		0.45	0.88	0
0.25806451612903225	0	1.0	1	0	PIGR	0.99971	polymeric immunoglobulin receptor	2023	2023	0	1	0.4	2		0.56	0.83	0
0.25806451612903225	0	1.0	20	0	NAXD	0.0015475	NAD(P)HX dehydratase	2011	2011	0	1	0.4	3		0.66	0.58	0
0.25806451612903225	0	1.0	17	0	PRKCB	1.0	protein kinase C beta	2007	2007	0	1	0.4	14		0.5	0.88	0
0.25806451612903225	0	1.0	3	0	MAPK3	8.3786E-7	mitogen-activated protein kinase 3	2007	2007	0	1	0.4	46		0.44	0.92	0
0.25806451612903225	0	1.0	0	0	KLK10	3.1157E-12	kallikrein related peptidase 10	2007	2007	0	1	0.4	6		0.6	0.58	0
0.25806451612903225	0	1.0	1	0	HRH4	1.4178E-4	histamine receptor H4	2012	2012	0	1	0.4	3		0.62	0.75	0
0.25806451612903225	0	1.0	2	0	RGS2	2.0581E-5	regulator of G protein signaling 2	2006	2006	0	1	0.4	7		0.57	0.79	0
0.25806451612903225	0	1.0	144	0	RORA	1.0	RAR related orphan receptor A	2006	2006	0	1	0.4	14		0.49	0.88	0
0.25806451612903225	0	1.0	12	0	RPL13	0.99947	ribosomal protein L13	2011	2011	0	1	0.4	4		0.66	0.67	0
0.25806451612903225	0	1.0	2	0	BLVRB	1.3417E-11	biliverdin reductase B	2009	2009	0	1	0.4	3		0.6	0.75	0
0.25806451612903225	0	1.0	16	0	BMP7	0.95824	bone morphogenetic protein 7	2006	2006	0	1	0.4	19		0.47	0.88	0
0.25806451612903225	0	1.0	8	0	SNRPB	0.99857	small nuclear ribonucleoprotein polypeptides B and B1	2011	2011	0	1	0.4	5		0.57	0.79	0
0.25806451612903225	0	1.0	1	0	BNIP3	6.6288E-4	BCL2 interacting protein 3	2006	2006	0	1	0.4	4		0.49	0.88	0
0.25806451612903225	0		10	0	CYP2E1	1.2359E-7	cytochrome P450 family 2 subfamily E member 1			0	0	0.4	53		0.47	0.83	0
0.25806451612903225	0		218	0	BCOR		BCL6 corepressor			0	0	0.4	39		0.46	0.83	0
0.25806451612903225	0		0	0	IL32	2.3673E-15	interleukin 32			0	0	0.4	10		0.47	0.83	0
0.25806451612903225	0		166	0	ERCC5	9.7235E-14	ERCC excision repair 5, endonuclease			0	0	0.4	29		0.5	0.79	0
0.25806451612903225	0		370	0	KDM6A		lysine demethylase 6A			0	0	0.4	34		0.44	0.83	0
0.25806451612903225	0		8	0	ZFP91	1.0	ZFP91 zinc finger protein, atypical E3 ubiquitin ligase			0	0	0.4	6		0.65	0.63	0
0.25806451612903225	0		364	0	ERCC6	1.1276E-23	ERCC excision repair 6, chromatin remodeling factor			0	0	0.4	44		0.49	0.88	0
0.25806451612903225	0		3	0	TES	1.0185E-12	testin LIM domain protein			0	0	0.4	21		0.61	0.79	0
0.25806451612903225	0		0	0	MIR206		microRNA 206			0	0	0.4	12		0.49	0.88	0
0.25806451612903225	0		95	0	TET2	9.5545E-155	tet methylcytosine dioxygenase 2			0	0	0.4	46		0.42	0.88	0
0.25806451612903225	0		2	0	ENAH	0.99975	ENAH actin regulator			0	0	0.4	6		0.6	0.75	0
0.25806451612903225	0		9	0	EMX2	0.97774	empty spiracles homeobox 2			0	0	0.4	15		0.6	0.67	0
0.25806451612903225	0		31	0	GSE1	1.0	Gse1 coiled-coil protein			0	0	0.4	6		0.63	0.71	0
