Gene,Degree_Centrality,Betweenness_Centrality,Closeness_Centrality
TP53,0.0028328611898017,0.0,0.500709219858156
PRNP,0.0028328611898017,0.0,0.500709219858156
SERBP1,0.0028328611898017,0.0,0.500709219858156
FYN,0.0028328611898017,0.0,0.500709219858156
FBP1,0.0028328611898017,0.0,0.500709219858156
ALDH1A3,0.0028328611898017,0.0,0.500709219858156
ECHS1,0.0028328611898017,0.0,0.500709219858156
GADD45A,0.0028328611898017,0.0,0.500709219858156
ADRB2,0.0028328611898017,0.0,0.500709219858156
CLDN3,0.0028328611898017,0.0,0.500709219858156
DCBLD2,0.0028328611898017,0.0,0.500709219858156
LOC129994371,0.0028328611898017,0.0,0.500709219858156
CLCN3,0.0028328611898017,0.0,0.500709219858156
TMEM63A,0.0028328611898017,0.0,0.500709219858156
MRPS11,0.0028328611898017,0.0,0.500709219858156
BID,0.0028328611898017,0.0,0.500709219858156
RXRB,0.0028328611898017,0.0,0.500709219858156
RPS26,0.0028328611898017,0.0,0.500709219858156
RPS21,0.0028328611898017,0.0,0.500709219858156
RPS6,0.0028328611898017,0.0,0.500709219858156
RELA,0.0028328611898017,0.0,0.500709219858156
GREM1,0.0028328611898017,0.0,0.500709219858156
GLI3,0.0028328611898017,0.0,0.500709219858156
MRPS18B,0.0028328611898017,0.0,0.500709219858156
PTPA,0.0028328611898017,0.0,0.500709219858156
TAF15,0.0028328611898017,0.0,0.500709219858156
CA2,0.0028328611898017,0.0,0.500709219858156
MIR301B,0.0028328611898017,0.0,0.500709219858156
THBD,0.0028328611898017,0.0,0.500709219858156
TBX3,0.0028328611898017,0.0,0.500709219858156
SLC1A2,0.0028328611898017,0.0,0.500709219858156
RPS19,0.0028328611898017,0.0,0.500709219858156
PRKAA1,0.0028328611898017,0.0,0.500709219858156
PPIC,0.0028328611898017,0.0,0.500709219858156
CPSF1,0.0028328611898017,0.0,0.500709219858156
GMPR2,0.0028328611898017,0.0,0.500709219858156
COPS7A,0.0028328611898017,0.0,0.500709219858156
SERPINB2,0.0028328611898017,0.0,0.500709219858156
NDUFA2,0.0028328611898017,0.0,0.500709219858156
MX1,0.0028328611898017,0.0,0.500709219858156
M6PR,0.0028328611898017,0.0,0.500709219858156
KISS1,0.0028328611898017,0.0,0.500709219858156
ID4,0.0028328611898017,0.0,0.500709219858156
RARRES1,0.0028328611898017,0.0,0.500709219858156
RAD23A,0.0028328611898017,0.0,0.500709219858156
PTPRG,0.0028328611898017,0.0,0.500709219858156
ALDOB,0.0028328611898017,0.0,0.500709219858156
MSX1,0.0028328611898017,0.0,0.500709219858156
KRT8,0.0028328611898017,0.0,0.500709219858156
ING1,0.0028328611898017,0.0,0.500709219858156
APEX1,0.0028328611898017,0.0,0.500709219858156
HOXA2,0.0028328611898017,0.0,0.500709219858156
HNRNPL,0.0028328611898017,0.0,0.500709219858156
PRDX5,0.0028328611898017,0.0,0.500709219858156
ATP6V0D2,0.0028328611898017,0.0,0.500709219858156
ADRB1,0.0028328611898017,0.0,0.500709219858156
NDUFS1,0.0028328611898017,0.0,0.500709219858156
IRS2,0.0028328611898017,0.0,0.500709219858156
MIA,0.0028328611898017,0.0,0.500709219858156
FSD1,0.0028328611898017,0.0,0.500709219858156
XRCC3,0.0028328611898017,0.0,0.500709219858156
ACTC1,0.0028328611898017,0.0,0.500709219858156
HNF1B,0.0028328611898017,0.0,0.500709219858156
RPS15,0.0028328611898017,0.0,0.500709219858156
RBP4,0.0028328611898017,0.0,0.500709219858156
MT2A,0.0028328611898017,0.0,0.500709219858156
ALDH7A1,0.0028328611898017,0.0,0.500709219858156
PRKAB1,0.0028328611898017,0.0,0.500709219858156
CNPY2,0.0028328611898017,0.0,0.500709219858156
HDAC3,0.0028328611898017,0.0,0.500709219858156
TNFSF9,0.0028328611898017,0.0,0.500709219858156
KISS1R,0.0028328611898017,0.0,0.500709219858156
ARFGAP2,0.0028328611898017,0.0,0.500709219858156
URM1,0.0028328611898017,0.0,0.500709219858156
PUS1,0.0028328611898017,0.0,0.500709219858156
WIF1,0.0028328611898017,0.0,0.500709219858156
CCT7,0.0028328611898017,0.0,0.500709219858156
CDKN2D,0.0028328611898017,0.0,0.500709219858156
ZNF593,0.0028328611898017,0.0,0.500709219858156
EBI3,0.0028328611898017,0.0,0.500709219858156
PREP,0.0028328611898017,0.0,0.500709219858156
PLAU,0.0028328611898017,0.0,0.500709219858156
PGAM1,0.0028328611898017,0.0,0.500709219858156
PDHA1,0.0028328611898017,0.0,0.500709219858156
NBAS,0.0028328611898017,0.0,0.500709219858156
HIKESHI,0.0028328611898017,0.0,0.500709219858156
PLCE1,0.0028328611898017,0.0,0.500709219858156
SUCLG1,0.0028328611898017,0.0,0.500709219858156
WDR46,0.0028328611898017,0.0,0.500709219858156
TRAP1,0.0028328611898017,0.0,0.500709219858156
ANXA5,0.0028328611898017,0.0,0.500709219858156
PRKCB,0.0028328611898017,0.0,0.500709219858156
NAXD,0.0028328611898017,0.0,0.500709219858156
PIGR,0.0028328611898017,0.0,0.500709219858156
WWOX,0.0028328611898017,0.0,0.500709219858156
POLR3K,0.0028328611898017,0.0,0.500709219858156
IGFBP7,0.0028328611898017,0.0,0.500709219858156
HSPA8,0.0028328611898017,0.0,0.500709219858156
BIRC2,0.0028328611898017,0.0,0.500709219858156
FILIP1,0.0028328611898017,0.0,0.500709219858156
KLK10,0.0028328611898017,0.0,0.500709219858156
SNX5,0.0028328611898017,0.0,0.500709219858156
AGTR2,0.0028328611898017,0.0,0.500709219858156
CTSL,0.0028328611898017,0.0,0.500709219858156
CST1,0.0028328611898017,0.0,0.500709219858156
MBD3L2,0.0028328611898017,0.0,0.500709219858156
CST7,0.0028328611898017,0.0,0.500709219858156
CASP8,0.0028328611898017,0.0,0.500709219858156
CHD4,0.0028328611898017,0.0,0.500709219858156
MAPK3,0.0028328611898017,0.0,0.500709219858156
HRH4,0.0028328611898017,0.0,0.500709219858156
FST,0.0028328611898017,0.0,0.500709219858156
ERCC5,0.0028328611898017,0.0,0.500709219858156
EMX2,0.0028328611898017,0.0,0.500709219858156
ENAH,0.0028328611898017,0.0,0.500709219858156
TET2,0.0028328611898017,0.0,0.500709219858156
MIR206,0.0028328611898017,0.0,0.500709219858156
TES,0.0028328611898017,0.0,0.500709219858156
ERCC6,0.0028328611898017,0.0,0.500709219858156
ZFP91,0.0028328611898017,0.0,0.500709219858156
KDM6A,0.0028328611898017,0.0,0.500709219858156
IL32,0.0028328611898017,0.0,0.500709219858156
RGS2,0.0028328611898017,0.0,0.500709219858156
BCOR,0.0028328611898017,0.0,0.500709219858156
CYP2E1,0.0028328611898017,0.0,0.500709219858156
BNIP3,0.0028328611898017,0.0,0.500709219858156
SNRPB,0.0028328611898017,0.0,0.500709219858156
BMP7,0.0028328611898017,0.0,0.500709219858156
BLVRB,0.0028328611898017,0.0,0.500709219858156
RPL13,0.0028328611898017,0.0,0.500709219858156
RORA,0.0028328611898017,0.0,0.500709219858156
CTSC,0.0028328611898017,0.0,0.500709219858156
CDH2,0.0028328611898017,0.0,0.500709219858156
SCRN1,0.0028328611898017,0.0,0.500709219858156
FCGBP,0.0028328611898017,0.0,0.500709219858156
EEF1A1,0.0028328611898017,0.0,0.500709219858156
ECM1,0.0028328611898017,0.0,0.500709219858156
HBEGF,0.0028328611898017,0.0,0.500709219858156
DPAGT1,0.0028328611898017,0.0,0.500709219858156
DNMT3B,0.0028328611898017,0.0,0.500709219858156
DDB1,0.0028328611898017,0.0,0.500709219858156
RRP9,0.0028328611898017,0.0,0.500709219858156
SLC16A3,0.0028328611898017,0.0,0.500709219858156
AKR1C3,0.0028328611898017,0.0,0.500709219858156
ENO1,0.0028328611898017,0.0,0.500709219858156
PLPP1,0.0028328611898017,0.0,0.500709219858156
ITGA8,0.0028328611898017,0.0,0.500709219858156
TUBA1C,0.0028328611898017,0.0,0.500709219858156
SPZ1,0.0028328611898017,0.0,0.500709219858156
SYMPK,0.0028328611898017,0.0,0.500709219858156
EPHX3,0.0028328611898017,0.0,0.500709219858156
FAT4,0.0028328611898017,0.0,0.500709219858156
ZNF177,0.0028328611898017,0.0,0.500709219858156
EEF1A2,0.0028328611898017,0.0,0.500709219858156
FGG,0.0028328611898017,0.0,0.500709219858156
TPM3,0.0028328611898017,0.0,0.500709219858156
PTOV1,0.0028328611898017,0.0,0.500709219858156
TFAP2C,0.0028328611898017,0.0,0.500709219858156
SREBF2,0.0028328611898017,0.0,0.500709219858156
SPRR2A,0.0028328611898017,0.0,0.500709219858156
SOX9,0.0028328611898017,0.0,0.500709219858156
RPL18,0.0028328611898017,0.0,0.500709219858156
RPL15,0.0028328611898017,0.0,0.500709219858156
PTPRF,0.0028328611898017,0.0,0.500709219858156
RANBP10,0.0028328611898017,0.0,0.500709219858156
PLAGL1,0.0028328611898017,0.0,0.500709219858156
MRPL13,0.0028328611898017,0.0,0.500709219858156
PAX6,0.0028328611898017,0.0,0.500709219858156
PA2G4,0.0028328611898017,0.0,0.500709219858156
NDUFV1,0.0028328611898017,0.0,0.500709219858156
KMT2A,0.0028328611898017,0.0,0.500709219858156
FADS1,0.0028328611898017,0.0,0.500709219858156
IDH3B,0.0028328611898017,0.0,0.500709219858156
HTR1A,0.0028328611898017,0.0,0.500709219858156
POLR1H,0.0028328611898017,0.0,0.500709219858156
EXOSC5,0.0028328611898017,0.0,0.500709219858156
GATAD2A,0.0028328611898017,0.0,0.500709219858156
ERBB2,0.0028328611898017,0.0,0.500709219858156
UBXN1,0.0028328611898017,0.0,0.500709219858156
TGFA,0.0028328611898017,0.0,0.500709219858156
CHEK2,0.0028328611898017,0.0,0.500709219858156
TWIST1,0.0028328611898017,0.0,0.500709219858156
GKN1,0.0028328611898017,0.0,0.500709219858156
MMP7,0.0028328611898017,0.0,0.500709219858156
FHIT,0.0028328611898017,0.0,0.500709219858156
MAPK1,0.0028328611898017,0.0,0.500709219858156
KRT20,0.0028328611898017,0.0,0.500709219858156
ALB,0.0028328611898017,0.0,0.500709219858156
MUC1,0.0028328611898017,0.0,0.500709219858156
LGALS3,0.0028328611898017,0.0,0.500709219858156
IL6R,0.0028328611898017,0.0,0.500709219858156
CDX2,0.0028328611898017,0.0,0.500709219858156
MTHFR,0.0028328611898017,0.0,0.500709219858156
PPARG,0.0028328611898017,0.0,0.500709219858156
GSTP1,0.0028328611898017,0.0,0.500709219858156
CA1,0.0028328611898017,0.0,0.500709219858156
ARID1A,0.0028328611898017,0.0,0.500709219858156
DPYD,0.0028328611898017,0.0,0.500709219858156
AFP,0.0028328611898017,0.0,0.500709219858156
BCL2L1,0.0028328611898017,0.0,0.500709219858156
BAP1,0.0028328611898017,0.0,0.500709219858156
EZH2,0.0028328611898017,0.0,0.500709219858156
AREG,0.0028328611898017,0.0,0.500709219858156
ATP4B,0.0028328611898017,0.0,0.500709219858156
IL1RN,0.0028328611898017,0.0,0.500709219858156
KLF6,0.0028328611898017,0.0,0.500709219858156
BRCA1,0.0028328611898017,0.0,0.500709219858156
JAK2,0.0028328611898017,0.0,0.500709219858156
GPX3,0.0028328611898017,0.0,0.500709219858156
GPX1,0.0028328611898017,0.0,0.500709219858156
TLR4,0.0028328611898017,0.0,0.500709219858156
APOA1,0.0028328611898017,0.0,0.500709219858156
PTPN11,0.0028328611898017,0.0,0.500709219858156
CASP3,0.0028328611898017,0.0,0.500709219858156
IL5,0.0028328611898017,0.0,0.500709219858156
ATM,0.0028328611898017,0.0,0.500709219858156
JUN,0.0028328611898017,0.0,0.500709219858156
ERCC2,0.0028328611898017,0.0,0.500709219858156
SMAD4,0.0028328611898017,0.0,0.500709219858156
ALOX5,0.0028328611898017,0.0,0.500709219858156
MUTYH,0.0028328611898017,0.0,0.500709219858156
FOXA1,0.0028328611898017,0.0,0.500709219858156
GSTT1,0.0028328611898017,0.0,0.500709219858156
GAST,0.0028328611898017,0.0,0.500709219858156
CDKN2A,0.0028328611898017,0.0,0.500709219858156
BIRC5,0.0028328611898017,0.0,0.500709219858156
RNF43,0.0028328611898017,0.0,0.500709219858156
TNF,0.0028328611898017,0.0,0.500709219858156
EGFR,0.0028328611898017,0.0,0.500709219858156
CDH1,0.0028328611898017,0.0,0.500709219858156
GSTM1,0.0028328611898017,0.0,0.500709219858156
STAT3,0.0028328611898017,0.0,0.500709219858156
RUNX3,0.0028328611898017,0.0,0.500709219858156
TLR2,0.0028328611898017,0.0,0.500709219858156
IL6,0.0028328611898017,0.0,0.500709219858156
PIK3CA,0.0028328611898017,0.0,0.500709219858156
KRAS,0.0028328611898017,0.0,0.500709219858156
MYC,0.0028328611898017,0.0,0.500709219858156
IL1B,0.0028328611898017,0.0,0.500709219858156
PTGS2,0.0028328611898017,0.0,0.500709219858156
APC,0.0028328611898017,0.0,0.500709219858156
FGFR2,0.0028328611898017,0.0,0.500709219858156
CD274,0.0028328611898017,0.0,0.500709219858156
SOD2,0.0028328611898017,0.0,0.500709219858156
CXCR4,0.0028328611898017,0.0,0.500709219858156
CDKN1B,0.0028328611898017,0.0,0.500709219858156
PTCH1,0.0028328611898017,0.0,0.500709219858156
IL10,0.0028328611898017,0.0,0.500709219858156
SNAI1,0.0028328611898017,0.0,0.500709219858156
CAV1,0.0028328611898017,0.0,0.500709219858156
CCND1,0.0028328611898017,0.0,0.500709219858156
CD44,0.0028328611898017,0.0,0.500709219858156
ERCC1,0.0028328611898017,0.0,0.500709219858156
AHR,0.0028328611898017,0.0,0.500709219858156
CDKN1A,0.0028328611898017,0.0,0.500709219858156
MET,0.0028328611898017,0.0,0.500709219858156
CDK4,0.0028328611898017,0.0,0.500709219858156
HRAS,0.0028328611898017,0.0,0.500709219858156
TYMS,0.0028328611898017,0.0,0.500709219858156
KDR,0.0028328611898017,0.0,0.500709219858156
HDAC2,0.0028328611898017,0.0,0.500709219858156
CHFR,0.0028328611898017,0.0,0.500709219858156
MDM2,0.0028328611898017,0.0,0.500709219858156
XRCC1,0.0028328611898017,0.0,0.500709219858156
UMPS,0.0028328611898017,0.0,0.500709219858156
HSPD1,0.0028328611898017,0.0,0.500709219858156
DNMT1,0.0028328611898017,0.0,0.500709219858156
DNMT3A,0.0028328611898017,0.0,0.500709219858156
PHB1,0.0028328611898017,0.0,0.500709219858156
RHOA,0.0028328611898017,0.0,0.500709219858156
TEP1,0.0028328611898017,0.0,0.500709219858156
TMEM260,0.0028328611898017,0.0,0.500709219858156
IRF1,0.0028328611898017,0.0,0.500709219858156
HLA-DQA1,0.0028328611898017,0.0,0.500709219858156
CYP1A1,0.0028328611898017,0.0,0.500709219858156
LRP1B,0.0028328611898017,0.0,0.500709219858156
CHRNA3,0.0028328611898017,0.0,0.500709219858156
HMOX1,0.0028328611898017,0.0,0.500709219858156
ACVR1B,0.0028328611898017,0.0,0.500709219858156
SULT1A1,0.0028328611898017,0.0,0.500709219858156
MIR152,0.0028328611898017,0.0,0.500709219858156
POFUT4,0.0028328611898017,0.0,0.500709219858156
FOSL1,0.0028328611898017,0.0,0.500709219858156
CAPN9,0.0028328611898017,0.0,0.500709219858156
MIR27B,0.0028328611898017,0.0,0.500709219858156
JAK1,0.0028328611898017,0.0,0.500709219858156
PSCA,0.0028328611898017,0.0,0.500709219858156
SELENBP1,0.0028328611898017,0.0,0.500709219858156
IL7R,0.0028328611898017,0.0,0.500709219858156
ACAD8,0.0028328611898017,0.0,0.500709219858156
NOTCH2,0.0028328611898017,0.0,0.500709219858156
MMP10,0.0028328611898017,0.0,0.500709219858156
MLF1,0.0028328611898017,0.0,0.500709219858156
MARK1,0.0028328611898017,0.0,0.500709219858156
ARHGAP5,0.0028328611898017,0.0,0.500709219858156
ICAM2,0.0028328611898017,0.0,0.500709219858156
ABT1,0.0028328611898017,0.0,0.500709219858156
PRPF19,0.0028328611898017,0.0,0.500709219858156
FAM168A,0.0028328611898017,0.0,0.500709219858156
RBP1,0.0028328611898017,0.0,0.500709219858156
F2R,0.0028328611898017,0.0,0.500709219858156
TYMP,0.0028328611898017,0.0,0.500709219858156
FGD5,0.0028328611898017,0.0,0.500709219858156
CLN3,0.0028328611898017,0.0,0.500709219858156
CKB,0.0028328611898017,0.0,0.500709219858156
ARL6IP5,0.0028328611898017,0.0,0.500709219858156
NOP56,0.0028328611898017,0.0,0.500709219858156
MTSS1,0.0028328611898017,0.0,0.500709219858156
MAP3K1,0.0028328611898017,0.0,0.500709219858156
KDM4B,0.0028328611898017,0.0,0.500709219858156
MSLN,0.0028328611898017,0.0,0.500709219858156
LRRC3B,0.0028328611898017,0.0,0.500709219858156
NOS3,0.0028328611898017,0.0,0.500709219858156
MUC6,0.0028328611898017,0.0,0.500709219858156
ITGA5,0.0028328611898017,0.0,0.500709219858156
IGFBP3,0.0028328611898017,0.0,0.500709219858156
PYCARD,0.0028328611898017,0.0,0.500709219858156
ZBTB20,0.0028328611898017,0.0,0.500709219858156
BOP1,0.0028328611898017,0.0,0.500709219858156
ACE,0.0028328611898017,0.0,0.500709219858156
TIMP3,0.0028328611898017,0.0,0.500709219858156
SERPINA1,0.0028328611898017,0.0,0.500709219858156
BMP2,0.0028328611898017,0.0,0.500709219858156
REG4,0.0028328611898017,0.0,0.500709219858156
NT5E,0.0028328611898017,0.0,0.500709219858156
TNFRSF9,0.0028328611898017,0.0,0.500709219858156
HSPB1,0.0028328611898017,0.0,0.500709219858156
DES,0.0028328611898017,0.0,0.500709219858156
RARB,0.0028328611898017,0.0,0.500709219858156
NPM1,0.0028328611898017,0.0,0.500709219858156
SERPINE1,0.0028328611898017,0.0,0.500709219858156
XAF1,0.0028328611898017,0.0,0.500709219858156
EEF2,0.0028328611898017,0.0,0.500709219858156
PLIN2,0.0028328611898017,0.0,0.500709219858156
DAB2IP,0.0028328611898017,0.0,0.500709219858156
CASP10,0.0028328611898017,0.0,0.500709219858156
TXNIP,0.0028328611898017,0.0,0.500709219858156
DLC1,0.0028328611898017,0.0,0.500709219858156
FGFR4,0.0028328611898017,0.0,0.500709219858156
NTRK3,0.0028328611898017,0.0,0.500709219858156
MAP3K8,0.0028328611898017,0.0,0.500709219858156
DDR2,0.0028328611898017,0.0,0.500709219858156
REG1A,0.0028328611898017,0.0,0.500709219858156
PPIA,0.0028328611898017,0.0,0.500709219858156
CTNNA2,0.0028328611898017,0.0,0.500709219858156
AURKB,0.0028328611898017,0.0,0.500709219858156
CEBPB,0.0028328611898017,0.0,0.500709219858156
RASAL2,0.0028328611898017,0.0,0.500709219858156
BDNF,0.0028328611898017,0.0,0.500709219858156
KMT2C,0.0028328611898017,0.0,0.500709219858156
MAPK8,0.0028328611898017,0.0,0.500709219858156
PPP2R1A,0.0028328611898017,0.0,0.500709219858156
GSE1,0.0028328611898017,0.0,0.500709219858156
